stock_code,stockholder_name,stockholder_amount,stockholder_ratio
SH603350,上海坚丰企业管理合伙企业(有限合伙),1020.00万,42.71%
SH603350,卓达,735.00万,30.77%
SH603350,宁波思辉投资合伙企业(有限合伙),333.33万,13.96%
SH603350,黄洪岳,300.00万,12.56%
SZ300486,淄博匠图恒松控股有限公司,1.20亿,30.23%
SZ300486,姚卜文,1480.56万,3.74%
SZ300486,王志,1288.85万,3.26%
SZ300486,长安国际信托股份有限公司-长安信托-长安投资1153号(菁阳)证券投资单一资金信托,367.21万,0.93%
SZ300486,梁燕生,357.37万,0.90%
SZ300486,鲁泽珞,337.23万,0.85%
SZ300486,高盛公司有限责任公司,244.76万,0.62%
SZ300486,李宏,230.00万,0.58%
SZ300486,蓝伟华,216.93万,0.55%
SZ300486,周蓉,153.99万,0.39%
SZ300546,高晶,1474.38万,11.34%
SZ300546,郑嵩,264.25万,2.03%
SZ300546,刘丽琳,195.93万,1.51%
SZ300546,杨大炜,135.17万,1.04%
SZ300546,贾力强,130.30万,1.00%
SZ300546,李冰,74.43万,0.57%
SZ300546,樊秋冬,60.03万,0.46%
SZ300546,Barclays Bank PLC,59.95万,0.46%
SZ300546,曹忠兴,57.75万,0.44%
SZ300546,高盛公司有限责任公司,50.08万,0.39%
SZ300549,United Creation Management Limited,2065.88万,20.44%
SZ300549,曾正雄,1076.18万,10.65%
SZ300549,BEEANTAH INDUSTRIAL (M) SDN. BHD.,757.41万,7.50%
SZ300549,东发精密工业有限公司,627.95万,6.21%
SZ300549,张伟,102.12万,1.01%
SZ300549,昆山品宽商务咨询有限公司,69.00万,0.68%
SZ300549,李文豪,55.00万,0.54%
SZ300549,岳成,41.84万,0.41%
SZ300549,钱军,35.92万,0.36%
SZ300549,白孝明,35.36万,0.35%
SZ301261,中国银行股份有限公司-广发中小盘精选混合型证券投资基金,101.37万,4.85%
SZ301261,中国建设银行股份有限公司-华安宏利混合型证券投资基金,96.16万,4.60%
SZ301261,基本养老保险基金二一零一组合,71.48万,3.42%
SZ301261,上海浦东发展银行股份有限公司-博时创新经济混合型证券投资基金,56.39万,2.70%
SZ301261,中国建设银行股份有限公司-广发科技创新混合型证券投资基金,48.61万,2.32%
SZ301261,中国农业银行股份有限公司-交银施罗德先进制造混合型证券投资基金,39.18万,1.87%
SZ301261,成都锦悦恒瑞资产管理有限公司-锦悦价值7号私募证券投资基金,33.00万,1.58%
SZ301261,中国银行股份有限公司-华安新丝路主题股票型证券投资基金,30.98万,1.48%
SZ301261,沈立刚,30.00万,1.43%
SZ301261,成都锦悦恒瑞资产管理有限公司-锦悦瑞享1号私募投资基金,30.00万,1.43%
SZ300391,长兴盛世丰华商务有限公司,3542.36万,10.11%
SZ300391,上海驭聪资产管理有限公司-驭聪天顺贰号私募证券投资基金,2100.00万,5.99%
SZ300391,刘丽丽,1768.13万,5.05%
SZ300391,寿光市康跃投资有限公司,1351.67万,3.86%
SZ300391,西藏博恩资产管理有限公司-博恩添富7号私募证券投资基金,300.08万,0.86%
SZ300391,陈应军,234.15万,0.67%
SZ300391,李玉芳,222.55万,0.64%
SZ300391,青岛三和泰投资有限公司,218.00万,0.62%
SZ300391,李臣林,150.22万,0.43%
SZ300391,莫林根,148.62万,0.42%
SZ301131,东台聚合盈咨询管理合伙企业(有限合伙),141.70万,6.14%
SZ301131,广东粤科新鹤创业投资有限公司,124.02万,5.37%
SZ301131,广东粤科泓润创业投资有限公司,114.87万,4.98%
SZ301131,江志华,46.84万,2.03%
SZ301131,严志杰,40.00万,1.73%
SZ301131,刘冬秀,28.20万,1.22%
SZ301131,Barclays Bank PLC,25.31万,1.10%
SZ301131,余铭旗,19.13万,0.83%
SZ301131,万宗贺,19.13万,0.83%
SZ301131,颜恩挺,16.00万,0.69%
SZ300120,江苏悦达金泰基金管理有限公司-盐城市盐南高新区瑞善新型显示产业投资基金(有限合伙),3311.38万,6.35%
SZ300120,西藏青崖企业管理合伙企业(有限合伙),2678.17万,5.14%
SZ300120,上海善达投资管理有限公司-盐城市盐南高新区兴瑞半导体产业投资基金(有限合伙),2145.93万,4.12%
SZ300120,高盛尔,1587.28万,3.04%
SZ300120,江苏悦达金泰基金管理有限公司-盐城市盐南高新区金纬半导体产业投资基金(有限合伙),1389.66万,2.67%
SZ300120,宁波仁庆私募基金管理有限公司-仁庆仁和1号私募证券投资基金,900.00万,1.73%
SZ300120,宁波仁庆私募基金管理有限公司-仁庆1号私募证券投资基金,890.00万,1.71%
SZ300120,北京泰德圣私募基金管理有限公司-泰德圣投资-泰来景睿私募证券投资基金,715.43万,1.37%
SZ300120,陈建波,691.40万,1.33%
SZ300120,永州恒达伟业商业投资管理有限责任公司,668.13万,1.28%
SH600811,西藏东方润澜实业投资有限公司,6.09亿,16.64%
SH600811,东方集团有限公司,4.93亿,13.47%
SH600811,西藏祥滨商贸有限公司,4614.00万,1.26%
SH600811,香港中央结算有限公司,3163.90万,0.86%
SH600811,刘咏思,2647.70万,0.72%
SH600811,戴国绒,2399.99万,0.66%
SH600811,郜垒斤,1983.35万,0.54%
SH600811,周文伟,1866.43万,0.51%
SH600811,陈丽娟,1694.46万,0.46%
SH600811,嘉实基金-农业银行-嘉实中证金融资产管理计划,1541.26万,0.42%
SZ002713,天津东易天正投资有限公司,1.36亿,33.37%
SZ002713,天津晨尚咨询有限公司,6657.86万,16.39%
SZ002713,小米科技(武汉)有限公司,2100.00万,5.17%
SZ002713,中阅资本管理股份公司-中阅战略优选2号私募证券投资基金,1777.34万,4.38%
SZ002713,横琴涌盈投资管理有限公司-涌盈弘铭私募证券投资基金,368.13万,0.91%
SZ002713,中阅资本管理股份公司-中阅定制2号私募证券投资基金,325.66万,0.80%
SZ002713,北京燕云私募基金管理有限公司-燕云乐享.臻选3号私募证券投资基金,202.05万,0.50%
SZ002713,北京燕云私募基金管理有限公司-燕云乐享.臻选2号私募证券投资基金,164.18万,0.40%
SZ002713,陈云程,153.05万,0.38%
SZ002713,北京燕云私募基金管理有限公司-燕云乐享.臻选1号私募证券投资基金,146.98万,0.36%
SZ002689,沈阳远大铝业集团有限公司,3.58亿,34.40%
SZ002689,远大铝业工程(新加坡)有限公司,1.73亿,16.64%
SZ002689,许磊,1608.00万,1.54%
SZ002689,Barclays Bank PLC,275.29万,0.26%
SZ002689,唐玉莲,241.70万,0.23%
SZ002689,许喆,221.00万,0.21%
SZ002689,林泽滨,214.72万,0.21%
SZ002689,UBS AG,183.75万,0.18%
SZ002689,石才成,164.44万,0.16%
SZ002689,中国邮政储蓄银行股份有限公司-国泰君安量化选股混合型发起式证券投资基金,158.68万,0.15%
SH605228,宁波神通投资有限公司,1.94亿,46.14%
SH605228,宁波必恒投资合伙企业(有限合伙),6459.03万,15.33%
SH605228,香港昱立实业有限公司,3898.72万,9.25%
SH605228,宁波神通仁华投资合伙企业(有限合伙),2497.69万,5.93%
SH605228,神通科技集团股份有限公司回购专用证券账户,617.01万,1.46%
SH605228,许颖,379.30万,0.90%
SH605228,黄剑斌,360.38万,0.86%
SH605228,中国工商银行股份有限公司-信澳智远三年持有期混合型证券投资基金,265.23万,0.63%
SH605228,中国建设银行股份有限公司-信澳新能源产业股票型证券投资基金,220.16万,0.52%
SH605228,中国工商银行股份有限公司-上证综指交易型开放式指数证券投资基金,199.34万,0.47%
SH603155,初琳,1.04亿,45.99%
SH603155,红塔创新(昆山)创业投资有限公司,2848.28万,12.63%
SH603155,红塔创新投资股份有限公司,1637.74万,7.26%
SH603155,孙秀杰,1424.14万,6.31%
SH603155,华夏人寿保险股份有限公司-自有资金,585.18万,2.59%
SH603155,全国社保基金五零三组合,500.00万,2.22%
SH603155,初亚军,344.47万,1.53%
SH603155,招商银行股份有限公司-国投瑞银境煊灵活配置混合型证券投资基金,302.39万,1.34%
SH603155,上海亚强智盈管理咨询中心(有限合伙),290.00万,1.29%
SH603155,中国银行股份有限公司-国投瑞银美丽中国灵活配置混合型证券投资基金,237.80万,1.05%
SZ002979,深圳市雷赛实业发展有限公司,2175.00万,10.04%
SZ002979,李卫平,2153.25万,9.94%
SZ002979,施慧敏,609.00万,2.81%
SZ002979,宿迁和赛企业管理有限公司,606.51万,2.80%
SZ002979,诸暨富华睿银投资管理有限公司-浙江华睿弘源智能产业创业投资有限公司,438.07万,2.02%
SZ002979,李卫星,274.05万,1.26%
SZ002979,深圳市雷赛智能控制股份有限公司-2022年员工持股计划,250.60万,1.16%
SZ002979,金克馨,205.45万,0.95%
SZ002979,施慧鹏,179.80万,0.83%
SZ002979,夏可云,158.19万,0.73%
SH600297,新疆广汇实业投资(集团)有限责任公司,25.26亿,31.14%
SH600297,CHINA GRAND AUTOMOTIVE (MAURITIUS) LIMITED,16.22亿,20.00%
SH600297,Blue Chariot Investment Limited,1.89亿,2.33%
SH600297,新疆广汇实业投资(集团)有限责任公司-新疆广汇实业投资(集团)有限责任公司2021年非公开发行可交换债券(第一期)质押专户,1.12亿,1.37%
SH600297,北信瑞丰基金-招商银行-陕国投-陕国投·金玉11号证券投资集合资金信托计划,6956.52万,0.86%
SH600297,香港中央结算有限公司,5796.39万,0.71%
SH600297,顾鹤富,5415.22万,0.67%
SH600297,国华人寿保险股份有限公司-自有资金,5084.78万,0.63%
SH600297,马国钦,4686.00万,0.58%
SH600297,吴芳,4648.94万,0.57%
SH600476,北京中邮资产管理有限公司,5312.84万,32.98%
SH600476,邮政科学研究规划院有限公司,1022.93万,6.35%
SH600476,江西赣粤高速公路股份有限公司,484.40万,3.01%
SH600476,锦龙资产管理有限公司,96.01万,0.60%
SH600476,黄建平,89.61万,0.56%
SH600476,徐要武,79.39万,0.49%
SH600476,田成,72.00万,0.45%
SH600476,崔冰冰,56.51万,0.35%
SH600476,罗生敏,51.00万,0.32%
SH600476,华泰证券股份有限公司,50.62万,0.31%
SH603920,新豪国际集团有限公司,3.16亿,58.39%
SH603920,深圳市沃泽科技开发有限公司,1220.51万,2.26%
SH603920,香港中央结算有限公司,1065.30万,1.97%
SH603920,中国工商银行股份有限公司-广发多因子灵活配置混合型证券投资基金,1055.41万,1.95%
SH603920,鹤山市联智投资有限公司,923.05万,1.71%
SH603920,中国建设银行股份有限公司-广发科技创新混合型证券投资基金,605.48万,1.12%
SH603920,中国银行股份有限公司-平安品质优选混合型证券投资基金,323.40万,0.60%
SH603920,中国工商银行股份有限公司-广发瑞誉一年持有期混合型证券投资基金,248.30万,0.46%
SH603920,平安银行股份有限公司-平安转型创新灵活配置混合型证券投资基金,232.57万,0.43%
SH603920,株式会社伸光制作所,226.04万,0.42%
SZ002527,刘丽萍,3940.85万,7.47%
SZ002527,纪德法,2965.21万,5.62%
SZ002527,朱强华,2596.40万,4.92%
SZ002527,袁忠民,2000.04万,3.79%
SZ002527,纪翌,896.82万,1.70%
SZ002527,袁晋恩,782.76万,1.48%
SZ002527,保宁资本有限公司-保宁新兴市场中小企基金(美国),594.76万,1.13%
SZ002527,王悦,573.26万,1.09%
SZ002527,香港中央结算有限公司,535.43万,1.02%
SZ002527,左国书,375.20万,0.71%
SH603320,迪贝控股有限公司,6217.61万,47.82%
SH603320,吴储正,2144.74万,16.49%
SH603320,嵊州市迪贝工业炉有限公司,309.65万,2.38%
SH603320,MORGAN STANLEY & CO. INTERNATIONAL PLC.,133.92万,1.03%
SH603320,李亚辉,104.00万,0.80%
SH603320,吴建荣,103.06万,0.79%
SH603320,中信里昂资产管理有限公司-客户资金,90.41万,0.70%
SH603320,中信银行股份有限公司-建信中证500指数增强型证券投资基金,74.16万,0.57%
SH603320,陈蓓蓓,53.85万,0.41%
SH603320,Barclays Bank PLC,43.16万,0.33%
SZ000679,武信投资控股(深圳)股份有限公司,10000.00万,28.06%
SZ000679,大连友谊集团有限公司,1190.79万,3.34%
SZ000679,柏云禄,546.03万,1.53%
SZ000679,陈星,369.30万,1.04%
SZ000679,高盛公司有限责任公司,296.51万,0.83%
SZ000679,宋淑艳,290.77万,0.82%
SZ000679,吴芳,248.25万,0.70%
SZ000679,袁晓晨,247.60万,0.69%
SZ000679,乔宏,239.09万,0.67%
SZ000679,曲俊锋,221.98万,0.62%
SH600518,广东神农氏企业管理合伙企业(有限合伙),35.09亿,25.78%
SH600518,康美实业投资控股有限公司,4.52亿,3.32%
SH600518,中国建设银行股份有限公司广东省分行,4.44亿,3.26%
SH600518,康美药业股份有限公司破产企业财产处置专用账户,4.05亿,2.98%
SH600518,中国光大银行股份有限公司深圳分行,1.86亿,1.37%
SH600518,中国民生银行股份有限公司深圳分行,1.83亿,1.35%
SH600518,广东粤财信托有限公司-粤财信托·广发兴财康1号单一资金信托,1.82亿,1.34%
SH600518,华安未来资产-民生银行-深圳市前海重明万方股权投资有限公司,1.64亿,1.20%
SH600518,长安国际信托股份有限公司-长安宁-康美药业股权收益权买入返售集合资金信托计划,1.48亿,1.09%
SH600518,五矿国际信托有限公司-五矿信托-优质精选上市公司投资单一资金信托,1.43亿,1.05%
SZ300282,福建卓丰投资合伙企业(有限合伙),1.02亿,27.20%
SZ300282,王文清,1257.58万,3.36%
SZ300282,黄晋晋,588.91万,1.57%
SZ300282,张祥林,555.10万,1.48%
SZ300282,上海迎睿投资管理有限公司,293.12万,0.78%
SZ300282,王齐玉,272.01万,0.73%
SZ300282,王俊,265.88万,0.71%
SZ300282,王伟,259.52万,0.69%
SZ300282,龚慧华,255.37万,0.68%
SZ300282,钟云楚,235.21万,0.63%
SZ002373,杭州灏月企业管理有限公司,2.23亿,16.19%
SZ002373,北京千方集团有限公司,8927.56万,6.48%
SZ002373,中国建设银行股份有限公司-华夏能源革新股票型证券投资基金,6259.87万,4.54%
SZ002373,夏曙东,5992.32万,4.35%
SZ002373,建信(北京)投资基金管理有限责任公司-芜湖建信鼎信投资管理中心(有限合伙),2704.87万,1.96%
SZ002373,北京电信投资有限公司,2562.03万,1.86%
SZ002373,建信信托有限责任公司-建信信托-智能物流6号集合资金信托计划,2549.82万,1.85%
SZ002373,衢州久虎投资合伙企业(有限合伙),2534.00万,1.84%
SZ002373,香港中央结算有限公司,1750.32万,1.27%
SZ002373,北京慧通联合科技有限公司,1388.53万,1.01%
SZ301260,骏马企业有限公司,9079.09万,42.77%
SZ301260,香港中央结算有限公司,252.39万,1.19%
SZ301260,汪长金,201.16万,0.95%
SZ301260,中国工商银行股份有限公司-农银汇理新能源主题灵活配置混合型证券投资基金,190.93万,0.90%
SZ301260,招商银行股份有限公司-广发价值核心混合型证券投资基金,188.62万,0.89%
SZ301260,泰康人寿保险有限责任公司-分红-个人分红-019L-FH002深,175.59万,0.83%
SZ301260,中国银行股份有限公司-宏利转型机遇股票型证券投资基金,174.71万,0.82%
SZ301260,中国建设银行股份有限公司-广发科技创新混合型证券投资基金,170.14万,0.80%
SZ301260,海南神采私募基金管理有限公司-神采雨润专享一号私募证券投资基金,161.76万,0.76%
SZ301260,中国工商银行股份有限公司-嘉实主题新动力混合型证券投资基金,143.64万,0.68%
SZ300245,深圳裕龙资本投资管理有限公司,2625.50万,8.43%
SZ300245,上海天玑科技股份有限公司回购专用证券账户,1501.27万,4.82%
SZ300245,苏博,1431.49万,4.60%
SZ300245,北京新润投资有限公司,1174.50万,3.77%
SZ300245,邹月普,1101.08万,3.54%
SZ300245,陈宏科,1025.00万,3.29%
SZ300245,陆文雄,345.41万,1.11%
SZ300245,丁建祖,320.00万,1.03%
SZ300245,朱明明,318.39万,1.02%
SZ300245,刘蓉蓉,285.68万,0.92%
SZ002599,栗延秋,2868.55万,7.14%
SZ002599,贾子成,1912.50万,4.76%
SZ002599,贾春琳,1566.02万,3.90%
SZ002599,北京盛通印刷股份有限公司-第四期员工持股计划,943.40万,2.35%
SZ002599,贾则平,859.44万,2.14%
SZ002599,周炜,630.02万,1.57%
SZ002599,长安国际信托股份有限公司-长安盛世·嘉泽恩传家族信托,514.00万,1.28%
SZ002599,易米基金-贾子裕-易米基金元盛一号单一资产管理计划,475.60万,1.18%
SZ002599,董颖,347.50万,0.86%
SZ002599,卢奇晶,315.11万,0.78%
SZ300641,禾杏企业有限公司,1.29亿,26.25%
SZ300641,华杏投资(镇江)有限公司,1.19亿,24.33%
SZ300641,镇江立豪投资有限公司,4190.93万,8.56%
SZ300641,浙江银万私募基金管理有限公司-银万榕树6号私募基金,1468.80万,3.00%
SZ300641,尹益,350.00万,0.71%
SZ300641,江苏正丹化学工业股份有限公司-第一期员工持股计划,296.93万,0.61%
SZ300641,李胜军,213.68万,0.44%
SZ300641,中国民生银行股份有限公司-国金量化精选混合型证券投资基金,126.26万,0.26%
SZ300641,孙斌,125.28万,0.26%
SZ300641,沈佐君,105.85万,0.22%
SZ000861,广州海印实业集团有限公司,5.18亿,21.69%
SZ000861,横琴广金美好基金管理有限公司-广金美好伽罗华一号私募证券投资基金,5391.27万,2.26%
SZ000861,珠海格林顿资产管理有限公司-格林顿光能主题2号私募证券投资基金,4181.63万,1.75%
SZ000861,蔡志华,3427.69万,1.44%
SZ000861,前海畅誉投资基金管理(深圳)有限公司-畅誉新能源主题1号私募证券投资基金,3000.66万,1.26%
SZ000861,香港中央结算有限公司,2843.56万,1.19%
SZ000861,银河德睿资本管理有限公司,2777.04万,1.16%
SZ000861,马立晓,2130.89万,0.89%
SZ000861,胡胜云,1888.06万,0.79%
SZ000861,汪磊,1620.84万,0.68%
SH688090,孙志强,2012.54万,30.08%
SH688090,柯希平,648.83万,9.70%
SH688090,赵伟,336.80万,5.03%
SH688090,颜雪涛,105.29万,1.57%
SH688090,孙圣杰,96.43万,1.44%
SH688090,珠海粤铂星西域投资合伙企业(有限合伙),90.42万,1.35%
SH688090,刘尔彬,88.57万,1.32%
SH688090,厦门赛富金湾股权投资基金管理合伙企业(有限合伙)-厦门赛富金钻股权投资合伙企业(有限合伙),80.62万,1.20%
SH688090,蔡雄江,62.00万,0.93%
SH688090,郑德伦,54.23万,0.81%
SZ001336,杭州礼瀚投资管理有限公司-安吉浙楚股权投资合伙企业(有限合伙),530.83万,18.59%
SZ001336,民生证券投资有限公司,86.31万,3.02%
SZ001336,刘同,56.97万,2.00%
SZ001336,陈峰,39.14万,1.37%
SZ001336,谢松国,32.19万,1.13%
SZ001336,任倩倩,27.42万,0.96%
SZ001336,张敏强,26.95万,0.94%
SZ001336,张永杰,25.92万,0.91%
SZ001336,林健,24.87万,0.87%
SZ001336,樊莲华,20.65万,0.72%
SZ300012,香港中央结算有限公司,2.35亿,16.38%
SZ300012,万峰,6283.40万,4.39%
SZ300012,UBS AG,4294.89万,3.00%
SZ300012,中国农业银行股份有限公司-嘉实新兴产业股票型证券投资基金,3477.81万,2.43%
SZ300012,全国社保基金四零六组合,3470.57万,2.42%
SZ300012,中国工商银行股份有限公司-易方达创业板交易型开放式指数证券投资基金,2960.60万,2.07%
SZ300012,全国社保基金一一五组合,2930.00万,2.05%
SZ300012,中国农业银行股份有限公司-嘉实核心成长混合型证券投资基金,2847.18万,1.99%
SZ300012,中国工商银行-广发稳健增长证券投资基金,2400.00万,1.68%
SZ300012,招商银行股份有限公司-嘉实远见精选两年持有期混合型证券投资基金,2274.53万,1.59%
SZ300580,无锡贝斯特投资有限公司,1.69亿,52.96%
SZ300580,无锡市鑫石投资合伙企业(有限合伙),825.96万,2.59%
SZ300580,谢似玄,475.88万,1.49%
SZ300580,曹余华,436.22万,1.37%
SZ300580,中国工商银行股份有限公司-鹏华新能源汽车主题混合型证券投资基金,315.20万,0.99%
SZ300580,上海浦东发展银行股份有限公司-鹏华创新未来混合型证券投资基金(LOF),307.71万,0.96%
SZ300580,中国工商银行股份有限公司-中欧时代先锋股票型发起式证券投资基金,299.48万,0.94%
SZ300580,国寿安保基金-中国人寿保险股份有限公司-分红险-国寿安保基金国寿股份均衡股票型组合单一资产管理计划(可供出售),290.75万,0.91%
SZ300580,中国建设银行股份有限公司-鹏华沪深港新兴成长灵活配置混合型证券投资基金,244.66万,0.77%
SZ300580,曹逸,237.94万,0.75%
SH688668,东莞市鼎宏骏盛投资有限公司,3912.26万,39.48%
SH688668,罗宏霞,579.60万,5.85%
SH688668,王成海,367.98万,3.71%
SH688668,新余鼎宏新投资合伙企业(有限合伙),225.65万,2.28%
SH688668,佛山市顺德区凯智企业管理咨询合伙企业(有限合伙),179.71万,1.81%
SH688668,新余鼎为投资合伙企业(有限合伙),147.47万,1.49%
SH688668,中国工商银行股份有限公司-富国新兴产业股票型证券投资基金,116.88万,1.18%
SH688668,银华基金-中国人寿保险股份有限公司-传统险-银华基金国寿股份成长股票传统可供出售单一资产管理计划,75.00万,0.76%
SH688668,平安基金-中国平安人寿保险股份有限公司-分红-个险分红-平安人寿-平安基金权益委托投资2号单一资产管理计划,70.00万,0.71%
SH688668,国泰基金-上海银行-国泰基金格物2号集合资产管理计划,60.81万,0.61%
SZ002556,安徽辉隆投资集团有限公司,3.57亿,37.89%
SZ002556,交通银行股份有限公司-景顺长城中证红利低波动100交易型开放式指数证券投资基金,2072.97万,2.20%
SZ002556,余荣琳,1985.05万,2.11%
SZ002556,谢海燕,1602.41万,1.70%
SZ002556,安徽辉隆农资集团股份有限公司-2021年员工持股计划,986.40万,1.05%
SZ002556,李永东,748.85万,0.79%
SZ002556,国泰君安证券股份有限公司-天弘中证红利低波动100交易型开放式指数证券投资基金,732.13万,0.78%
SZ002556,香港中央结算有限公司,700.38万,0.74%
SZ002556,解凤祥,600.00万,0.64%
SZ002556,解凤贤,582.72万,0.62%
SZ300716,广东国立科技控股有限公司,1920.24万,12.00%
SZ300716,泉为绿能投资(海南)有限公司,1600.20万,10.00%
SZ300716,葛旭艳,814.25万,5.09%
SZ300716,陈泽伟,577.57万,3.61%
SZ300716,东莞市盛和伟业投资有限公司,539.43万,3.37%
SZ300716,曹巧云,216.87万,1.36%
SZ300716,陈庆东,140.29万,0.88%
SZ300716,李华锋,99.25万,0.62%
SZ300716,黄永飞,97.11万,0.61%
SZ300716,曹静东,93.70万,0.59%
SZ002050,三花控股集团有限公司,9.48亿,25.70%
SZ002050,浙江三花绿能实业集团有限公司,7.43亿,20.13%
SZ002050,香港中央结算有限公司,5.57亿,15.10%
SZ002050,中国工商银行股份有限公司-华泰柏瑞沪深300交易型开放式指数证券投资基金,2421.14万,0.66%
SZ002050,招商银行股份有限公司-泉果旭源三年持有期混合型证券投资基金,2141.94万,0.58%
SZ002050,全国社保基金一零四组合,2102.53万,0.57%
SZ002050,中国人寿保险股份有限公司-传统-普通保险产品-005L-CT001沪,2084.45万,0.56%
SZ002050,中国建设银行股份有限公司-易方达沪深300交易型开放式指数发起式证券投资基金,1678.11万,0.45%
SZ002050,中国工商银行股份有限公司-广发多因子灵活配置混合型证券投资基金,1584.02万,0.43%
SZ002050,中国工商银行股份有限公司-汇添富中证新能源汽车产业指数型发起式证券投资基金(LOF),1551.40万,0.42%
SH600112,广西铁路发展投资基金(有限合伙),6160.00万,12.10%
SH600112,柴徐华,1252.01万,2.46%
SH600112,银河天成集团有限公司,1100.00万,2.16%
SH600112,金雷,671.90万,1.32%
SH600112,郑团社,666.66万,1.31%
SH600112,马志平,400.00万,0.79%
SH600112,段永州,287.84万,0.57%
SH600112,王文珏,283.23万,0.56%
SH600112,郑晓青,282.93万,0.56%
SH600112,陈长春,277.50万,0.54%
SZ000908,中国长城资产管理股份有限公司,1.14亿,14.41%
SZ000908,叶湘武,3021.19万,3.83%
SZ000908,平江县国有资产管理局,1108.34万,1.40%
SZ000908,华有健康投资有限公司,732.25万,0.93%
SZ000908,陆琦,600.00万,0.76%
SZ000908,江苏大居健康产业投资有限公司,584.80万,0.74%
SZ000908,王耀,575.00万,0.73%
SZ000908,胡祖平,536.52万,0.68%
SZ000908,徐开东,493.16万,0.63%
SZ000908,海南亚大科技有限公司,325.56万,0.41%
SZ002656,广州普慧源贸易有限公司,6340.93万,10.63%
SZ002656,韩远荣,3392.88万,5.69%
SZ002656,广东佳盟商贸有限公司,1582.71万,2.65%
SZ002656,嘉远新能源投资(广州)合伙企业(有限合伙),794.26万,1.33%
SZ002656,梁伯勒,752.48万,1.26%
SZ002656,陈界峰,705.25万,1.18%
SZ002656,云南悦盛科技有限公司,552.07万,0.93%
SZ002656,郭婷婷,539.24万,0.90%
SZ002656,章金顺,517.06万,0.87%
SZ002656,谢子伟,512.46万,0.86%
SZ002452,廖俊德,2920.33万,5.66%
SZ002452,马孝武,2107.46万,4.08%
SZ002452,林林,775.13万,1.50%
SZ002452,中国工商银行股份有限公司-富国天惠精选成长混合型证券投资基金(LOF),750.31万,1.45%
SZ002452,林冲,629.37万,1.22%
SZ002452,易方达基金-中央汇金资产管理有限责任公司-易方达基金-汇金资管单一资产管理计划,577.77万,1.12%
SZ002452,陈益智,571.98万,1.11%
SZ002452,张常武,444.06万,0.86%
SZ002452,中国银行股份有限公司-华夏行业景气混合型证券投资基金,438.44万,0.85%
SZ002452,湖南玖玥泉私募股权基金管理有限公司-长沙市望城区湘江望玥创业投资合伙企业(有限合伙),425.53万,0.82%
SZ000506,宁波冉盛盛远投资管理合伙企业(有限合伙),2.33亿,25.09%
SZ000506,杭州汇成一号投资合伙企业(有限合伙),6586.90万,7.09%
SZ000506,宁波梅山保税港区冉盛盛昌投资管理合伙企业(有限合伙),4561.24万,4.91%
SZ000506,李丽,623.31万,0.67%
SZ000506,广州信鑫私募证券投资基金管理有限公司-信鑫远景东方1号私募证券投资基金,543.02万,0.58%
SZ000506,张秀明,330.55万,0.36%
SZ000506,任粉画,252.52万,0.27%
SZ000506,董义华,222.30万,0.24%
SZ000506,徐俊明,191.27万,0.21%
SZ000506,张晶彦,171.17万,0.18%
SZ000622,山东省国际信托股份有限公司-山东信托·厦诚31号单一资金信托,7600.00万,17.87%
SZ000622,揭阳市中萃房产开发有限公司,2103.80万,4.95%
SZ000622,深圳市傲盛霞实业有限公司,1769.55万,4.16%
SZ000622,蔡长园,1163.00万,2.74%
SZ000622,岳阳市人民政府国有资产监督管理委员会,426.00万,1.00%
SZ000622,中国长城资产管理股份有限公司,425.01万,1.00%
SZ000622,谷克宁,408.42万,0.96%
SZ000622,陈敏隆,362.89万,0.85%
SZ000622,高盛公司有限责任公司,202.12万,0.48%
SZ000622,陈福添,196.83万,0.46%
SH603003,上海龙宇控股有限公司,1.17亿,29.11%
SH603003,九泰基金-中信证券-陆家嘴信托-陆家嘴信托-鸿泰5号集合资金信托计划,1758.92万,4.37%
SH603003,国华人寿保险股份有限公司-分红三号,1316.55万,3.27%
SH603003,徐增增,1228.49万,3.05%
SH603003,上海龙宇数据股份有限公司回购专用证券账户,817.56万,2.03%
SH603003,刘振光,692.66万,1.72%
SH603003,上海龙宇数据股份有限公司-2023年员工持股计划,603.56万,1.50%
SH603003,平安大华基金-平安银行-北京恒宇天泽投资管理有限公司,326.28万,0.81%
SH603003,张园仙,183.59万,0.46%
SH603003,郭正潭,178.90万,0.44%
SZ300991,北京遵道资产管理有限公司-遵道稳健价值私募基金,330.30万,5.05%
SZ300991,广州中楷资产管理有限公司-中楷增长私募证券投资基金,84.49万,1.29%
SZ300991,北京遵道资产管理有限公司-遵道稳健价值2号私募基金,75.81万,1.16%
SZ300991,张文明,43.64万,0.67%
SZ300991,刘倩云,40.52万,0.62%
SZ300991,广州中楷资产管理有限公司-中楷精选5号私募证券投资基金,39.69万,0.61%
SZ300991,北京遵道资产管理有限公司-遵道稳健价值3号私募基金,38.44万,0.59%
SZ300991,MORGAN STANLEY & CO. INTERNATIONAL PLC.,38.13万,0.58%
SZ300991,李天利,38.00万,0.58%
SZ300991,北京遵道资产管理有限公司-遵道稳健价值4号私募证券投资基金,36.71万,0.56%
SH600501,中国航天科工集团有限公司,1.06亿,25.20%
SH600501,南京晨光集团有限责任公司,8963.38万,21.28%
SH600501,天治基金-工商银行-华融信托-华融·海西晟乾7号权益投资集合资金信托计划,659.75万,1.57%
SH600501,熊宗波,460.04万,1.09%
SH600501,刘成祥,261.63万,0.62%
SH600501,航天科工资产管理有限公司,160.00万,0.38%
SH600501,香港中央结算有限公司,100.16万,0.24%
SH600501,郎富才,100.00万,0.24%
SH600501,文腊梅,91.16万,0.22%
SH600501,刘建初,90.00万,0.21%
SZ002822,庄小红,1.76亿,26.80%
SZ002822,庄展诺,1825.23万,2.78%
SZ002822,南京鼎润天成投资合伙企业(有限合伙),525.97万,0.80%
SZ002822,陈进学,342.59万,0.52%
SZ002822,朱业胜,277.01万,0.42%
SZ002822,沈庆衍,228.01万,0.35%
SZ002822,范琴,220.71万,0.34%
SZ002822,UBS AG,219.10万,0.33%
SZ002822,徐诚,218.15万,0.33%
SZ002822,卢丹,217.91万,0.33%
SZ301169,交通银行股份有限公司-信澳核心科技混合型证券投资基金,42.47万,1.51%
SZ301169,麻颖,42.00万,1.49%
SZ301169,J.P.Morgan Securities PLC-自有资金,27.37万,0.97%
SZ301169,梁爱新,24.33万,0.87%
SZ301169,BARCLAYS BANK PLC,23.19万,0.82%
SZ301169,唐旭东,21.67万,0.77%
SZ301169,孟庆福,20.00万,0.71%
SZ301169,UBS AG,18.00万,0.64%
SZ301169,张志文,17.42万,0.62%
SZ301169,中国建设银行股份有限公司-信澳先进智造股票型证券投资基金,16.88万,0.60%
SZ300626,孙瑞良,4147.45万,23.39%
SZ300626,梧州市东泰国有资产经营有限公司,3329.63万,18.78%
SZ300626,上海联创永沂创业投资中心(有限合伙),623.39万,3.52%
SZ300626,李深,356.00万,2.01%
SZ300626,代学荣,139.16万,0.78%
SZ300626,中信里昂资产管理有限公司-客户资金,106.57万,0.60%
SZ300626,朱彩娟,100.00万,0.56%
SZ300626,周水文,100.00万,0.56%
SZ300626,李夏思,85.00万,0.48%
SZ300626,杨靖,77.24万,0.44%
SZ002892,聂鹏举,2742.36万,9.95%
SZ002892,聂葆生,2486.60万,9.03%
SZ002892,莞香资本私募证券基金管理(深圳)有限公司-莞香葆春99号私募证券投资基金,882.27万,3.20%
SZ002892,唐毅,676.28万,2.45%
SZ002892,香港中央结算有限公司,473.53万,1.72%
SZ002892,黄宇华,257.67万,0.94%
SZ002892,申万宏源证券有限公司,200.09万,0.73%
SZ002892,深圳前海和合易泰私募证券基金管理有限公司-和合晨智2号私募证券投资基金,124.30万,0.45%
SZ002892,国泰君安证券股份有限公司,118.41万,0.43%
SZ002892,光大证券股份有限公司,111.05万,0.40%
SH603377,东方时尚投资有限公司,1.46亿,20.23%
SH603377,新余润芳投资管理中心(有限合伙),7311.60万,10.14%
SH603377,华能贵诚信托有限公司-华能信托·元和1号集合资金信托计划,5136.00万,7.13%
SH603377,徐雄,4972.80万,6.90%
SH603377,北京大兴投资集团有限公司,3528.00万,4.89%
SH603377,京汉控股集团有限公司,1382.13万,1.92%
SH603377,东方时尚驾驶学校股份有限公司-第四期员工持股计划,1254.00万,1.74%
SH603377,东方时尚驾驶学校股份有限公司回购专用证券账户,591.00万,0.82%
SH603377,香港中央结算有限公司,551.02万,0.76%
SH603377,黄喜山,361.00万,0.50%
SH603197,陈洪凌,3445.76万,16.38%
SH603197,张祖秋,2077.36万,9.88%
SH603197,国投招商投资管理有限公司-先进制造产业投资基金二期(有限合伙),904.98万,4.30%
SH603197,香港中央结算有限公司,697.77万,3.32%
SH603197,广发基金管理有限公司-社保基金四二零组合,465.56万,2.21%
SH603197,中国人寿保险股份有限公司-传统-普通保险产品-005L-CT001沪,359.18万,1.71%
SH603197,冯美来,356.42万,1.69%
SH603197,陈洪泉,303.08万,1.44%
SH603197,全国社保基金一一五组合,300.00万,1.43%
SH603197,宋瑾,280.00万,1.33%
SH603596,"YUAN,YONGBIN",7900.31万,18.27%
SH603596,芜湖奇瑞科技有限公司,6306.60万,14.59%
SH603596,香港中央结算有限公司,2977.01万,6.89%
SH603596,芜湖伯特利投资管理中心(有限合伙),2093.84万,4.84%
SH603596,中国银行股份有限公司-易方达供给改革灵活配置混合型证券投资基金,1085.55万,2.51%
SH603596,唐山方舟实业有限公司,859.69万,1.99%
SH603596,熊立武,800.07万,1.85%
SH603596,上海浦东发展银行股份有限公司-景顺长城新能源产业股票型证券投资基金,430.05万,0.99%
SH603596,中国银行股份有限公司-易方达稳健收益债券型证券投资基金,409.86万,0.95%
SH603596,中国农业银行股份有限公司-中证500交易型开放式指数证券投资基金,332.93万,0.77%
SH603730,浙江舟山岱美投资有限公司,7.17亿,56.37%
SH603730,姜银台,1.86亿,14.62%
SH603730,姜明,1.17亿,9.20%
SH603730,澳门金融管理局-自有资金,1803.04万,1.42%
SH603730,中国工商银行-广发稳健增长证券投资基金,1720.00万,1.35%
SH603730,科威特政府投资局-自有资金,1207.53万,0.95%
SH603730,香港中央结算有限公司,1119.58万,0.88%
SH603730,中国银行股份有限公司-广发优企精选灵活配置混合型证券投资基金,874.59万,0.69%
SH603730,中国工商银行股份有限公司-广发价值增长混合型证券投资基金,792.80万,0.62%
SH603730,上海富善投资有限公司-富善投资安享尊享11号私募证券投资基金,751.14万,0.59%
SH603312,Barclays Bank PLC,34.71万,1.02%
SH603312,曹勇,23.07万,0.68%
SH603312,上海明汯投资管理有限公司-明汯多策略对冲1号基金,18.98万,0.56%
SH603312,国泰君安证券股份有限公司,18.72万,0.55%
SH603312,黄锐,15.02万,0.44%
SH603312,中信里昂资产管理有限公司-客户资金,11.39万,0.33%
SH603312,乔楠,11.00万,0.32%
SH603312,中华联合保险集团股份有限公司-自有资金,10.45万,0.31%
SH603312,黄伟进,10.05万,0.29%
SH603312,UBS AG,98360,0.29%
SH600381,西藏荣恩科技有限公司,1.89亿,32.13%
SH600381,肖融,5676.28万,9.67%
SH600381,上海稻满私募基金管理有限公司-稻满2号私募证券投资基金,511.00万,0.87%
SH600381,卢义萍,394.69万,0.67%
SH600381,杜敬习,342.87万,0.58%
SH600381,陈德兴,330.33万,0.56%
SH600381,香港中央结算有限公司,297.01万,0.51%
SH600381,上海稻满私募基金管理有限公司-稻满8号私募证券投资基金,264.00万,0.45%
SH600381,詹晓康,241.00万,0.41%
SH600381,岳凌龙,191.58万,0.33%
SZ300097,谭永良,1782.75万,6.60%
SZ300097,宋长江,1450.00万,5.37%
SZ300097,银河金汇证券资管-青岛国信金融控股有限公司-银河金汇通盈2号单一资产管理计划,840.88万,3.11%
SZ300097,师利全,617.69万,2.29%
SZ300097,胡争光,443.00万,1.64%
SZ300097,黄斌,322.69万,1.20%
SZ300097,李小根,209.49万,0.78%
SZ300097,王炳昌,170.00万,0.63%
SZ300097,吴雪明,157.78万,0.58%
SZ300097,杨丽玲,117.00万,0.43%
SZ301118,湘江产业投资有限责任公司,1156.00万,21.35%
SZ301118,长沙通和投资管理咨询有限公司,100.00万,1.85%
SZ301118,林先玮,54.60万,1.01%
SZ301118,虞玉明,38.40万,0.71%
SZ301118,彭巧华,37.00万,0.68%
SZ301118,陈国贤,28.72万,0.53%
SZ301118,高盛公司有限责任公司,27.57万,0.51%
SZ301118,马铭蔚,21.00万,0.39%
SZ301118,管红玉,17.04万,0.31%
SZ301118,许春凤,17.00万,0.31%
SZ301291,兴业证券股份有限公司-淳厚信睿核心精选混合型证券投资基金,263.03万,3.67%
SZ301291,上海浦东发展银行股份有限公司-长信金利趋势混合型证券投资基金,210.12万,2.93%
SZ301291,全国社保基金四一四组合,170.00万,2.37%
SZ301291,澳门金融管理局-自有资金,144.90万,2.02%
SZ301291,中国工商银行股份有限公司-广发多因子灵活配置混合型证券投资基金,132.91万,1.85%
SZ301291,中国工商银行股份有限公司-嘉实主题新动力混合型证券投资基金,116.28万,1.62%
SZ301291,科威特政府投资局,95.43万,1.33%
SZ301291,中国银行股份有限公司-嘉实研究精选混合型证券投资基金,91.13万,1.27%
SZ301291,广发证券股份有限公司-平安睿享文娱灵活配置混合型证券投资基金,85.55万,1.19%
SZ301291,中国银行股份有限公司-嘉实逆向策略股票型证券投资基金,72.48万,1.01%
SZ002384,香港中央结算有限公司,5933.70万,4.27%
SZ002384,袁富根,5879.61万,4.23%
SZ002384,袁永峰,5559.70万,4.00%
SZ002384,袁永刚,5055.65万,3.64%
SZ002384,施罗德投资管理(香港)有限公司-施罗德环球基金系列中国A股(交易所),2218.14万,1.60%
SZ002384,泰康人寿保险有限责任公司-传统-普通保险产品-019L-CT001深,1780.10万,1.28%
SZ002384,中国人寿保险股份有限公司-传统-普通保险产品-005L-CT001沪,1756.24万,1.26%
SZ002384,中国农业银行股份有限公司-中证500交易型开放式指数证券投资基金,1619.44万,1.16%
SZ002384,泰康人寿保险有限责任公司-分红-个人分红-019L-FH002深,1501.67万,1.08%
SZ002384,招商银行股份有限公司-睿远成长价值混合型证券投资基金,1409.27万,1.01%
