园区名称,省份,城市,地区,详细地址,大约面积(亩),企业数
江西青山湖高新技术产业园区,江西省,南昌市,青山湖区,东升大道566号,1762,836
江铜集团南昌高新产业园北区,江西省,南昌市,青山湖区,南昌市青山湖区青山湖区高新区高新大道1129号,754,8
南昌综合保税区(火炬三路),江西省,南昌市,青山湖区,高新区火炬三路189号,612,30
南昌出口加工区(火炬三路),江西省,南昌市,青山湖区,南昌市高新区火炬三路189号,571,20
南昌临江商务区,江西省,南昌市,青山湖区,南昌市青山湖区湖西新建区(南昌高新开发区)高新大道1158,415,34
中兴南昌科技园,江西省,南昌市,青山湖区,南昌市青山湖区艾溪湖管理处(南昌高新开发区)艾溪湖北路688号,396,114
江西恒源科技园,江西省,南昌市,青山湖区,南昌市青山湖区弼水溪附近,389,23
金圣工业科技园,江西省,南昌市,青山湖区,南昌市青山湖区湖西新建区(南昌高新开发区)京东大道201,326,5
南昌民营科技园,江西省,南昌市,青山湖区,南昌市青山湖区塘山镇高新大道696号,290,288
中国(江西)针织服装创意产业园,江西省,南昌市,青山湖区,南昌市青山湖区广州路744附近,273,147
联创电子声像科技园,江西省,南昌市,青山湖区,南昌市青山湖区高新开发区京东大道1699号,236,8
方大科技园(高新大道),江西省,南昌市,青山湖区,南昌市青山湖区高新开发区高新大道1189号,233,5
深国际南昌综合物流港,江西省,南昌市,青山湖区,南昌市青山湖区高椅山二路1318号,195,3
南昌市兆驰科技工业园,江西省,南昌市,青山湖区,南昌市青山湖区朱桥东路与胡家路交叉口西150米,193,2
江西长力工业园,江西省,南昌市,青山湖区,南昌市青山湖区南昌高新区创新一路,176,6
湖坊工业园,江西省,南昌市,青山湖区,南昌市青山湖区顺外路658号,174,200
联创光电科技园,江西省,南昌市,青山湖区,南昌市青山湖区高新开发区京东大道168号,167,59
车仆(南昌)汽车用品产业园,江西省,南昌市,青山湖区,南昌市青山湖区东升大道1688附近,161,8
丰树南昌物流园,江西省,南昌市,青山湖区,南昌市青山湖区冠山管理处,154,-
南昌电子信息(LED)产业创新示范园,江西省,南昌市,青山湖区,南昌市青山湖区昌东大道1111号,153,99
699文化创意园(699创意工场),江西省,南昌市,青山湖区,南昌市青山湖区上海路699号,109,124
森宇小微产业基地,江西省,南昌市,青山湖区,南昌市青山湖区昌东工业区昌东工业园东升大道1599号,105,51
昌东工业区湖坊镇工业园,江西省,南昌市,青山湖区,南昌市青山湖区昌东西路,101,153
正邦科技工业园,江西省,南昌市,青山湖区,南昌市青山湖区艾溪湖一路569东北方向190米,101,61
万科创智公园,江西省,南昌市,青山湖区,艾溪湖管理处艾溪湖北路188号万科海上传奇,98,484
江西芒果电商产业园有限公司,江西省,南昌市,青山湖区,南昌市青山湖区东泰大道811号,97,50
江南园,江西省,南昌市,青山湖区,南昌市青山湖区罗家镇,94,26
百特集团,江西省,南昌市,青山湖区,南昌市青山湖区青山湖高新技术产业园区东升大道699号,91,26
江西省防灾减灾科技园,江西省,南昌市,青山湖区,南昌市青山湖区艾溪湖二路323号,90,2
江西鄱阳湖旅游企业集团工业园,江西省,南昌市,青山湖区,南昌市青山湖区南昌昌东工业区沈桥路899号,87,11
瑞信工业园,江西省,南昌市,青山湖区,南昌市青山湖区高新开发区富大有路中段,85,12
江西品牌服饰产业园,江西省,南昌市,青山湖区,南昌市青山湖区义坊路38号正西方向190米,83,60
万年青科技园,江西省,南昌市,青山湖区,南昌市青山湖区(南昌高新开发区)京东大道399号,82,62
昌东工业园区义坊村物流产业园,江西省,南昌市,青山湖区,南昌市青山湖区昌东大道,80,5
创业梦想街区创新工场(高新欧洲工业园),江西省,南昌市,青山湖区,南昌市青山湖区艾溪湖管理处高新区高新技术产业开发区京东大道1189号欧洲工业园,78,63
鸿海高新中心,江西省,南昌市,青山湖区,南昌市青山湖区高新七路898附近,78,48
娃哈哈南昌工业园区,江西省,南昌市,青山湖区,南昌市青山湖区民营科技园民营大道,78,-
亿栢嘉进外工业园,江西省,南昌市,青山湖区,南昌市青山湖区南昌昌东工业区东泰大道666号,73,75
瀚泓·青湖产业园,江西省,南昌市,青山湖区,南昌市青山湖区南昌市高新区青山湖大道336号新三中对面,72,3
泰豪高新工业园,江西省,南昌市,青山湖区,南昌市青山湖区紫阳大道辅路,70,895
泰豪科技园,江西省,南昌市,青山湖区,南昌市青山湖区(南昌高新开发区)高新大道590号,69,20
进顺物流园,江西省,南昌市,青山湖区,南昌市青山湖区石桥路199号,67,109
江西恒大文化教育产业园,江西省,南昌市,青山湖区,高新七路与艾湖路街口西北20米,66,34
江西智慧公共安全产业园,江西省,南昌市,青山湖区,南昌市青山湖区东泰大道888号,65,56
江西流量经济产业基地,江西省,南昌市,青山湖区,南昌市青山湖区京东镇月坊胡村168号,65,213
泰豪软件园,江西省,南昌市,青山湖区,南昌市青山湖区湖西火炬大街918号,64,334
科陆电子信息产业园,江西省,南昌市,青山湖区,南昌市青山湖区艾溪湖四路1066号,63,11
浙江大学国家大学科技园(江西),江西省,南昌市,青山湖区,南昌市青山湖区京东大道与火炬四路交叉口西北约20米,62,92
太酷云介时尚产业园,江西省,南昌市,青山湖区,南昌市青山湖区青山湖大道198号,60,6
邓坊产业园,江西省,南昌市,青山湖区,南昌市青山湖区谢佛路1489号,59,23
雅言人文化教育创意产业园,江西省,南昌市,青山湖区,南昌市青山湖区创新二路80号,53,128
南昌平思电子产业园,江西省,南昌市,青山湖区,南昌市青山湖区谢埠路胡氏产业园东侧约130米,53,1
罗万工业园,江西省,南昌市,青山湖区,南昌市青山湖区高新大道688号,52,15
南昌高新区创业中心孵化基地,江西省,南昌市,青山湖区,南昌市青山湖区火炬五路719号,50,273
天佑医药物流园,江西省,南昌市,青山湖区,南昌市青山湖区白水湖路与英雄七路交叉口南200米,50,-
南昌大学国家大学科技园,江西省,南昌市,青山湖区,湖西新建区(南昌高新开发区)高新大道589号,49,132
康华园,江西省,南昌市,青山湖区,南昌市青山湖区东华大道1附近,48,206
鸿兴产业园,江西省,南昌市,青山湖区,南昌市青山湖区胡家路789号,44,15
江西跨境电商产业园,江西省,南昌市,青山湖区,解放东路899号,43,109
鸿雁小微企业创业园,江西省,南昌市,青山湖区,南昌市青山湖区洪都中大道158号鸿雁电子广场,42,49
江西国信医药谷,江西省,南昌市,青山湖区,南昌市青山湖区南京东路898号,40,217
江西二十一世纪钢铁园,江西省,南昌市,青山湖区,南昌市青山湖区昌东工业区青山路街道东升大道889号,38,14
国家文化科技融合基地(建设中),江西省,南昌市,青山湖区,南昌市青山湖区火炬五路与东箭路交叉路口东侧(绿地玫瑰城),38,-
昌东胡家村产业园,江西省,南昌市,青山湖区,东升大道与昌南大道交叉口东南150米,37,6
博涵服装创意园,江西省,南昌市,青山湖区,南昌市青山湖区昌东工业区高新南大道2666号易佰家对面,36,23
南昌高新创业园(新经济产业园),江西省,南昌市,青山湖区,南昌市青山湖区高新二路18号,35,199
联合创业,江西省,南昌市,青山湖区,南昌市青山湖区高新大道1807号,35,183
先锋电子商务产业园,江西省,南昌市,青山湖区,南昌市青山湖区火炬大街948号,34,325
桃湖产业园,江西省,南昌市,青山湖区,南昌市青山湖区京东镇京东大道719号,34,117
黄氏产业园,江西省,南昌市,青山湖区,南昌市青山湖区南昌昌东工业区昌东大道与胡家路交叉口,33,28
南昌国家大学科技城(高航大厦),江西省,南昌市,青山湖区,南昌市青山湖区高新区火炬五路899号,33,419
江西省人力资源服务产业园,江西省,南昌市,青山湖区,南昌市青山湖区艾溪湖管理处高新技术产业开发区绿地玫瑰城203栋,33,241
春秋创新园,江西省,南昌市,青山湖区,南昌市青山湖区紫阳大道2888号正南方向60米,32,6
驭世界中国南昌电子竞技文化产业园,江西省,南昌市,青山湖区,南昌市青山湖区洪都中大道古德宾馆正对面,32,39
进顺工业园(国量检测产业园),江西省,南昌市,青山湖区,南昌市青山湖区民安路255号,31,12
碧朗产业园,江西省,南昌市,青山湖区,南昌市青山湖区昌东工业区东升大道1299号,30,17
优唐星创智慧园,江西省,南昌市,青山湖区,南昌市青山湖区塘山镇民营科技园民安路169号(优唐体育馆前台),29,174
泓泰创新科技园,江西省,南昌市,青山湖区,南昌市青山湖区高新六路116号,28,46
广阳村创业家园,江西省,南昌市,青山湖区,创新一路与艾溪湖南路交叉口南380米,27,-
江西数字科普产业园,江西省,南昌市,青山湖区,南昌市青山湖区火炬大街801号,27,60
通汇医药科技园,江西省,南昌市,青山湖区,南昌市青山湖区塘山镇高新大道民富路209号,25,27
中国服务外包产业示范园,江西省,南昌市,青山湖区,南昌市青山湖区湖西新建区京东大道与火炬四路交叉口西北200米,25,66
贤湖实业园内,江西省,南昌市,青山湖区,南昌市青山湖区青山湖大道民安路329号,25,18
胡氏产业园,江西省,南昌市,青山湖区,谢埠路与志强路交叉口东北120米,24,4
建昌工业园,江西省,南昌市,青山湖区,南昌市青山湖区高新一路203号,24,156
江西省电力设计院软件园,江西省,南昌市,青山湖区,南昌市青山湖区高新六路68号附近,23,5
赣江教育科技文化产业园,江西省,南昌市,青山湖区,南昌市青山湖区湖坊镇顺外路800号,21,237
佳帮产业园,江西省,南昌市,青山湖区,南昌市青山湖区昌运路36号,19,6
中核科技园,江西省,南昌市,青山湖区,南昌市青山湖区金圣路96号,19,65
中汇科技园(昌东西路),江西省,南昌市,青山湖区,南昌市青山湖区南昌昌东工业区昌东西路,19,34
翔凡产业园,江西省,南昌市,青山湖区,南昌市青山湖区君来路与谢佛路交叉口南200米,17,-
东站电商小镇,江西省,南昌市,青山湖区,南昌市青山湖区昌东工业区义坊路1599号,17,3
浙大科技园D区,江西省,南昌市,青山湖区,南昌市青山湖区京东大道与火炬四路交汇处向北100米西北方向20米,15,21
南塘村小产业园,江西省,南昌市,青山湖区,南昌市青山湖区青山湖区高新开发区创新一路,15,19
艾湖产业小区,江西省,南昌市,青山湖区,南昌市青山湖区京东大道106号,14,14
国家软件园,江西省,南昌市,青山湖区,南昌市青山湖区(南昌高新开发区)火炬大街559号,13,1
江西乐教科技产业基地,江西省,南昌市,青山湖区,南昌市青山湖区艾溪湖管理处紫阳大道3399号,12,1
高新区创业中心加速器,江西省,南昌市,青山湖区,南昌市青山湖区艾溪湖管理处京东大道456号高新区创业中心,9,8
欣诺科技园,江西省,南昌市,青山湖区,南昌市青山湖区火炬六路附近,9,-
溯清文创园,江西省,南昌市,青山湖区,解放东路李坝供电局东北150米,5,1
青山湖数字经济产业园,江西省,南昌市,青山湖区,东升大道1177号,-,50
南昌高新科创园,江西省,南昌市,青山湖区,工业园七路140号,-,-
青湖产业园2区,江西省,南昌市,青山湖区,青山湖火炬二路与青山湖大道交界,-,6
江南云港数字产业园,江西省,南昌市,青山湖区,解放东路2222号,-,91
南昌高新技术产业开发区,江西省,南昌市,青山湖区,紫阳大道294附近,-,55
奥欣豪实业园,江西省,南昌市,青山湖区,南昌市青山湖区昌东大道188号奥欣豪实业园,-,15
双创品牌江西孵化中心,江西省,南昌市,青山湖区,南昌市青山湖区京东南大道天香佳苑东北侧约290米,-,-
湖坊村工贸城,江西省,南昌市,青山湖区,南昌市青山湖区顺外路658号,-,10
江西省跨境电商创业示范园,江西省,南昌市,青山湖区,南昌市青山湖区(南昌高新开发区)京东大道1189号,-,63
江西青山湖高新科技创新孵化中心,江西省,南昌市,青山湖区,南昌市青山湖区南昌昌东工业区东升大道圣济药业有限公司旁边,-,15
大学生科技创业孵化园,江西省,南昌市,青山湖区,南昌市青山湖区华西路与知行路交叉口西南方向60米,-,-
新经济产业园,江西省,南昌市,青山湖区,南昌市青山湖区科锐路,-,13
江西智能5G+VR产业园,江西省,南昌市,青山湖区,南昌市青山湖区绿地玫瑰城202-203栋,-,154
南昌优素文化创意园,江西省,南昌市,青山湖区,南昌市青山湖区塘山镇民营科技园科技大道68号,-,18
顺外工业园,江西省,南昌市,青山湖区,南昌市青山湖区东泰大道888号,-,10
华东交通大学科技园,江西省,南昌市,青山湖区,南昌市青山湖区昌北区经济技术开发区双港东大街808号华东交通大学南区逸夫楼附近,-,-
中国服务外包示范区南昌国家高新技术产业开发区,江西省,南昌市,青山湖区,南昌市青山湖区火炬大街与高新七路交叉口东100米,-,7
贝贝果果创意园,江西省,南昌市,青山湖区,南昌市青山湖区解放西路81号凯德广场沃尔玛3楼斜梯口,-,61
南昌国家农业科技园区,江西省,南昌市,青山湖区,南昌市青山湖区皇姑路1号附近,-,-
南昌工程学院科技园(国家大学科技园),江西省,南昌市,青山湖区,南昌市青山湖区塘山镇江大南路59号,-,207
江西电力工业园,江西省,南昌市,青山湖区,南昌市青山湖区慈母路与解放东路交叉口东南150米,-,3
顺天世界之窗物联网产业园,江西省,南昌市,青山湖区,南昌市青山湖区民强路10号,-,21
广联盛世广告文化产业园,江西省,南昌市,青山湖区,南昌市青山湖区创新一路广阳村工业园3号楼,-,-
江西省数字出版产业园,江西省,南昌市,青山湖区,南昌市青山湖区金庐南路280附近,-,16
8090创客产业园(8090梦工厂),江西省,南昌市,青山湖区,南昌市青山湖区青山湖大道72附近,-,11
中国服务外包产业示范园,江西省,南昌市,青山湖区,南昌市青山湖区昌东大道688号,-,2
南昌市新建经济开发区,江西省,南昌市,新建区,璜溪大道19号,8941,1194
国家南昌经济技术开发区,江西省,南昌市,新建区,枫林西大街568号,5337,2825
南昌溪霞国家农业综合开发现代农业园区,江西省,南昌市,新建区,南昌市新建区茶花路与樱花路交叉口西北方向160米,2544,278
江中药谷,江西省,南昌市,新建区,南昌市新建区招贤大道1号,1948,5
新绿色中医药产业现代中医药生产基地,江西省,南昌市,新建区,南昌市新建区新建区-慈菇路,1321,13
中国(南昌)中医药科创城,江西省,南昌市,新建区,南昌市新建区赣江新区新祺周东大道99号,1210,102
南昌综合保税区(保税大街),江西省,南昌市,新建区,樵舍镇,785,47
罗亭工业园,江西省,南昌市,新建区,南昌市新建区张坊路302号,668,100
长堎外商投资工业区,江西省,南昌市,新建区,南昌市新建区工业大道366号南100米,614,118
南昌轨道交通产业园,江西省,南昌市,新建区,南昌市新建区梦庐大道与梦庐大道辅路交叉口西南方向180米,494,40
康佳半导体产业园,江西省,南昌市,新建区,秀先路999号,408,-
长堎工业园,江西省,南昌市,新建区,南昌市新建区320国道北50米,396,48
欧菲光临空园区,江西省,南昌市,新建区,南昌市新建区G70福银高速出口处,343,-
临空临港工业园1期,江西省,南昌市,新建区,南昌市新建区金水大道与港隆路交叉路口往西北约100米,312,13
南昌欧菲光1号园区,江西省,南昌市,新建区,黄家湖西路1588号,311,-
万纬南昌空港物流园,江西省,南昌市,新建区,新祺周管理处新祺周2路,304,-
台商工业园(青岚大道),江西省,南昌市,新建区,南昌市青山湖区双港西大街1199号西南方向130米,290,153
南昌欧菲光2号园区,江西省,南昌市,新建区,南昌市青山湖区龙潭路188号,277,4
南昌欧菲光3号园区,江西省,南昌市,新建区,南昌市青山湖区枫林大道1177号附近,277,4
临空临港智造园2期,江西省,南昌市,新建区,南昌市新建区港隆路,275,-
智能光电产业园,江西省,南昌市,新建区,南昌市新建区黄堂西街与祥和三路交叉路口往东约230米,271,9
江西中再生循环经济示范基地,江西省,南昌市,新建区,南昌市新建区武功山大道与320国道交叉口东北150米,269,1
万纬南昌昌北冷链园区,江西省,南昌市,新建区,保税六路与嘉茂一交汇处西100米,261,-
贵源低碳产业园,江西省,南昌市,新建区,南昌市新建区罗亭大道与105国道交叉口西150米,252,96
桑海医药产业园(建设中),江西省,南昌市,新建区,南昌市新建区新祺周西大道旁边,205,-
中南高科南昌新建数字化智造产业园,江西省,南昌市,新建区,宁远大街,194,82
南昌金开集团机电科技产业园,江西省,南昌市,新建区,南昌市青山湖区经济开发区丁香路88号,192,7
顺丰丰泰产业园·南昌,江西省,南昌市,新建区,南昌市青山湖区友安路丰树物流产业园斜对面,184,-
南昌通源工业园,江西省,南昌市,新建区,南昌市青山湖区昌北区昌北经济开发区枫林大道1548号,182,3
骏思科技产业园,江西省,南昌市,新建区,南昌市青山湖区昌西大道2168号,181,-
国科集团南昌科技园1期,江西省,南昌市,新建区,南昌市青山湖区建业大道999号,180,-
爱环仕智能酒店设备科技产业园,江西省,南昌市,新建区,坚磨大道与启阳街交叉口东160米,179,2
联东U谷·南昌临空科技产业综合体,江西省,南昌市,新建区,南昌市新建区樵舍镇金水大道与港隆路交汇处南,178,3
民熙临空物流园,江西省,南昌市,新建区,港兴路519号,178,2
鼎迅生态科技工业城丁香工业村,江西省,南昌市,新建区,南昌市青山湖区昌北经济开发区丁香路111号丁香工业园,177,10
江西城投科创生态新城,江西省,南昌市,新建区,南昌市新建区梦山大道,173,-
江西鑫润物流园,江西省,南昌市,新建区,武功山大道江西五十铃汽车有限公司西侧,167,7
南昌欣旺达新能源产业园(一期),江西省,南昌市,新建区,经开大道3788号,159,-
先科(南昌)电子工业园,江西省,南昌市,新建区,经济技术开发区经济技术开发区黄家湖西路428号,150,2
南昌汇港供应链产业园,江西省,南昌市,新建区,经开大道以西曰修东路与友安路交叉口,142,-
南昌金开集团电子信息产业园,江西省,南昌市,新建区,南昌市青山湖区经开大道888号,136,1
江西邮政跨境电商产业园,江西省,南昌市,新建区,南昌市新建区综合保税区保税大街168号,135,10
南昌中小微企业创业孵化基地,江西省,南昌市,新建区,南昌市新建区黄堂东街688号,130,21
江西华中产业园,江西省,九江市,永修县,九江市永修县永昌大道37号,122,8
赣江新区医疗器械产业园,江西省,南昌市,新建区,神农西大道92号,115,-
创客绿色科技产业园,江西省,南昌市,新建区,昌西大道与玉屏西大街交叉口东北200米,112,18
科瑞普光电产业园,江西省,南昌市,新建区,南昌市新建区儒乐湖大街333东北方向180米,91,5
新能源汽车产业园,江西省,南昌市,新建区,望贤路与官马街交叉口西北80米,88,1
南昌傲农华中科技园,江西省,南昌市,新建区,南昌市青山湖区白水湖管理处经开区昌北大道188号,88,8
昱博科技园,江西省,南昌市,新建区,秀先路与英雄大道交叉口北160米,86,20
电子信息产业园(联博)三期,江西省,南昌市,新建区,友安路电子系统产业园(联博)三期,85,1
江西芯诚集成电路产业园,江西省,南昌市,新建区,金山大道与金山大道出口交叉口东180米,79,3
康富科技园,江西省,南昌市,新建区,青山湖区经开区横山二路1133号,78,-
望城工业区,江西省,南昌市,新建区,南昌市新建区兴业大道81号,72,54
安源高新技术工业园,江西省,南昌市,新建区,南昌市青山湖区菊圃路与青岚大道交叉口西南150米,67,-
白水湖工业园,江西省,南昌市,新建区,南昌市青山湖区丰和北大道入口与港口大道交叉口东南50米,66,-
宝莱特科技园,江西省,南昌市,新建区,南昌市青山湖区英雄三路368,64,5
赛维莱科技城,江西省,南昌市,新建区,南昌市青山湖区北山路259号,63,42
唐人科技文化产业园,江西省,南昌市,新建区,南昌市青山湖区蛟桥镇麦园瑞香路900号,53,70
百瑞国际康复医疗科技产业园,江西省,南昌市,新建区,新祺周桑海经济开发区迎宾大道3号,48,1
清华科技园(玉屏东大街),江西省,南昌市,新建区,南昌市青山湖区玉屏东大街299号,42,77
绿地华为健康大数据中心,江西省,南昌市,新建区,金云东路与纵五北路交叉口东300米,37,-
南昌金开集团中小企业园,江西省,南昌市,新建区,南昌市青山湖区建业大街与车塘湖路交汇处,35,-
佳铭特智慧科技园,江西省,南昌市,新建区,高椅山一路299号,34,6
赛维莱国际企业城,江西省,南昌市,新建区,南昌市青山湖区白水湖路388号,28,341
新建区电子商务产业孵化基地,江西省,南昌市,新建区,南昌市新建区长富大道239号附近,26,39
巨汇9号产业园,江西省,南昌市,新建区,南昌市新建区江西长堎外商投资工业区工业大道大都会100米,25,5
安培产业园,江西省,南昌市,新建区,南昌市新建区新祺周四路,25,-
中国南昌人力资源服务产业园,江西省,南昌市,新建区,南昌市青山湖区双港西大街与桂苑大道交叉口西南100米,23,3
江西北大科技园,江西省,南昌市,新建区,南昌市青山湖区双港西大街528号,21,5
国亿(江西)科创园,江西省,南昌市,新建区,南昌市青山湖区经济技术开发区高椅山二路518号,20,-
雷公坳文化体育产业园,江西省,南昌市,新建区,南昌市青山湖区枫生快速路雷公坳8号,15,26
中国(南昌)跨境电子商务综合试验区,江西省,南昌市,新建区,保税大街168号附近,15,26
天高集团南昌工业园,江西省,南昌市,新建区,南昌市青山湖区玉屏西大街767号,14,-
国家南昌经济技术开发区(广兰大道),江西省,南昌市,新建区,经济技术开发区,-,-
铜基新材料产业园,江西省,南昌市,新建区,官马街与坚磨大道交叉处西60米,-,-
中文传媒富盈合新零售产业园(建设中),江西省,南昌市,新建区,百丈山路与出版路和平路西北220米,-,-
南昌修正资本桑海产研基地,江西省,南昌市,新建区,G316与新祺周五路交叉口附近,-,-
南昌经开区创业孵化基地,江西省,南昌市,新建区,南昌市青山湖区北山路北50米,-,7
南昌金开集团技术协同创新园,江西省,南昌市,新建区,南昌市青山湖区经济技术开发区秀先路999号,-,-
万科万创科技城,江西省,南昌市,新建区,南昌市新建区朱家自然村东北,-,1
财购青年创业园,江西省,南昌市,新建区,南昌市青山湖区枫林东路与枫林北路交叉口东北50米,-,98
南昌市退役军人创业孵化示范基地,江西省,南昌市,新建区,罗亭大道,-,-
中技所赣江新区科创中心,江西省,南昌市,新建区,南昌市青山湖区双港西大街与上罗路交叉路口往东南约150米,-,2
江西农业大学高新农业科技园,江西省,南昌市,新建区,南昌市青山湖区志敏大道与创新路交汇处向东500米,-,-
小微创业园,江西省,南昌市,新建区,天宁东路北,-,5
江西英豪傅睿教育产业园,江西省,南昌市,新建区,南昌市青山湖区玉屏西大街767号,-,4
维科电子产业园,江西省,南昌市,新建区,南昌市新建区坚磨大道,-,3
欧菲光科技园,江西省,南昌市,新建区,南昌市青山湖区龙潭路东100米,-,-
昌北经济开发区,江西省,南昌市,新建区,南昌市青山湖区公寓东路与公寓南路交叉口东北方向50米,-,-
湾里油画产业基地,江西省,南昌市,新建区,南昌市新建区双马石路与磨盘山南路交叉口南150米,-,4
东华理工大学科技园,江西省,南昌市,新建区,南昌市青山湖区枫林大道892号,-,-
航天科技园(双港西大街),江西省,南昌市,新建区,双港西大街928号,-,2
科骏ARdEZ PARK增强现实产业园,江西省,南昌市,新建区,南昌市新建区长堎镇子实路1589号,-,6
南昌航空城,江西省,南昌市,南昌县,南昌市南昌县麻丘镇昌东,7000,49
小蓝经济技术开发区(北区),江西省,南昌市,南昌县,富山东大道1168号,3396,1899
航空工业洪都航空城北区,江西省,南昌市,南昌县,南昌市南昌县高新区,3192,19
航空工业洪都产业园,江西省,南昌市,南昌县,航空城大道与鹰翔一路交叉口南160米,2773,1
小蓝经济技术开发区(小蓝大道),江西省,南昌市,南昌县,小蓝东大道与迎宾中大道交叉口西北100米,1409,444
国鸿食品产业园区,江西省,南昌市,南昌县,南昌市南昌县X045(蒋巷中大道),735,-
华勤千亿产业园,江西省,南昌市,南昌县,天祥北大道与航空城大道交叉口西北460米,642,12
欧菲科技未来城,江西省,南昌市,南昌县,高新区航空城大道,591,-
千亿建筑科技产业园,江西省,南昌市,南昌县,南昌市南昌县抚生西路,489,474
绿地金融产业园(江西金融产业园),江西省,南昌市,南昌县,南昌市南昌县绿地大道888号(麻丘公交站附近),463,230
华盟物流园,江西省,南昌市,南昌县,南昌市南昌县银湖二路198号,427,71
国槐工业园,江西省,南昌市,南昌县,南昌市南昌县金沙二路1388号,397,16
泰豪(南昌)小蓝工业园,江西省,南昌市,南昌县,南昌市南昌县小蓝经济开发区汇仁大道266号,363,270
南昌佳海产业园,江西省,南昌市,南昌县,南昌市南昌县天祥大道凯美家具贸易有限公司旁正西方向180米,334,139
京东亚洲一号南昌向塘物流园,江西省,南昌市,南昌县,南昌市南昌县莲溪大道,329,1
南昌欧菲光5号园区,江西省,南昌市,南昌县,南昌市南昌县天祥大道东200米,328,10
南昌高新电子产业园一期,江西省,南昌市,南昌县,天祥北大道1717号,292,4
平安星城物流园,江西省,南昌市,南昌县,南昌市南昌县向塘镇星城西大道,289,-
洪甬国际物流园奇佳园区,江西省,南昌市,南昌县,南昌市南昌县向塘镇银河西路奇佳大道1号,260,5
南昌国家医药国际创新园,江西省,南昌市,南昌县,南昌市南昌县天祥北大道,259,11
江西德道产业园,江西省,南昌市,南昌县,小蓝经济开发区,244,15
江西恒大高新技术股份有限公司瑶湖生产基地,江西省,南昌市,南昌县,南昌市南昌县瑶湖西六路,240,14
小蓝创业园,江西省,南昌市,南昌县,南昌市南昌县富山一路1167号,231,183
宇培南昌物流园,江西省,南昌市,南昌县,南昌市南昌县南昌市天祥北大道与沿河路交叉口,230,1
南昌龙旗科技园,江西省,南昌市,南昌县,南昌市南昌县昌东镇瑶湖西七路高新投资集团,230,-
中节能江西低碳园,江西省,南昌市,南昌县,南昌市南昌县天祥大道699号,230,12
南昌向塘铁路口岸物流园,江西省,南昌市,南昌县,南昌市南昌县向塘镇丁新大道,224,4
南昌传化公路港,江西省,南昌市,南昌县,南昌市南昌县汇仁大道988号,221,147
南昌航空科创城,江西省,南昌市,南昌县,航空城大道与266乡道交叉口东南120米,218,29
平安不动产向塘工业物流园,江西省,南昌市,南昌县,工业大道与星城大道交叉口北220米,215,5
南昌佳海产业园2期,江西省,南昌市,南昌县,佳海产业园二期(瑶湖西五路南),212,82
龚杏产业园,江西省,南昌市,南昌县,南昌市南昌县小蓝经济开发区富山一路1318号,204,279
龚杏·高新现代产业综合城,江西省,南昌市,南昌县,昌东镇(南昌高新开发区)天祥大道瑶湖西五路666号,196,6
汇仁堂医药产业园,江西省,南昌市,南昌县,南昌市南昌县昌东镇瑶湖西七路55号,195,-
日日顺南昌物流产业园,江西省,南昌市,南昌县,南昌市南昌县武阳镇莲武路胡华桥旁,185,-
泰豪590创意园,江西省,南昌市,南昌县,南昌市南昌县小蓝经济开发区汇仁大道266号泰豪创意590创意园附近,176,246
小蓝VR产业基地,江西省,南昌市,南昌县,汇仁大道与金沙三路交叉口西北角,173,158
尚荣城科技产业园,江西省,南昌市,南昌县,小蓝中大道与金沙二路交叉口东340米,171,206
菜鸟网络南昌向塘园区,江西省,南昌市,南昌县,南昌市南昌县向塘镇丁新大道东一百米,160,-
南昌高新区科创中心,江西省,南昌市,南昌县,艾溪湖北路与创新三路交叉口东260米,136,8
江西上和物流园,江西省,南昌市,南昌县,南昌市南昌县小蓝经济开发区富山大道229号,130,16
南昌高新未来科技园D区,江西省,南昌市,南昌县,南昌市南昌县航空城大道,127,5
江西闽发科技产业园,江西省,南昌市,南昌县,南昌市南昌县银湖二路西,116,3
小蓝高新技术产业园1区,江西省,南昌市,南昌县,南昌市南昌县富山大道448号附近,115,1
江西3L医用制品集团创新产业园,江西省,南昌市,南昌县,瑶湖西七路与太常北一路交叉口南340米,104,-
洪大科技物流园,江西省,南昌市,南昌县,南昌市南昌县东新乡,101,27
南昌高新电子信息产业园,江西省,南昌市,南昌县,瑶湖西六路与光大路交叉口东南50米,95,-
南昌高新微电子科技园,江西省,南昌市,南昌县,天祥北大道588号,83,1
瑞圣特科技园,江西省,南昌市,南昌县,南昌市南昌县昌东镇瑶湖区天祥北大道与龙翔一路交叉口西北150米,75,1
江西南昌德道物流园,江西省,南昌市,南昌县,南昌市南昌县小蓝经济开发区金湖管理处虎山村金沙四路666号,69,15
纳百川工业园(纳百川皮具电商产业园),江西省,南昌市,南昌县,南昌市南昌县金沙三路858号,64,13
江西天越科技产业园,江西省,南昌市,南昌县,南昌市南昌县昌东镇(南昌高新开发区)天祥大道瑶湖西七路929号,63,22
南昌数谷产业园,江西省,南昌市,南昌县,艾溪湖北路北侧,62,-
顺心国际产业园(建设中),江西省,南昌市,南昌县,南昌市南昌县瑶湖豪宅东南角停车场对面,62,3
德盛工新一号产业园,江西省,南昌市,南昌县,小蓝中大道618号,56,28
小蓝工业园,江西省,南昌市,南昌县,富山三路北100米,53,37
小蓝创新创业孵化(加速)器,江西省,南昌市,南昌县,南昌市南昌县小蓝经济开发区富山一路1318号,47,206
远程物流园,江西省,南昌市,南昌县,南昌市南昌县金沙二路666号远卓物流园,45,2
君为科技产业园,江西省,南昌市,南昌县,南昌市南昌县金沙二路与金奥支路交叉路口往北约100米,44,-
尚荣医疗健康产业园(建设中),江西省,南昌市,南昌县,南昌市南昌县小蓝经济开发区小蓝大道三一重工对面,43,-
联创宏声科技园,江西省,南昌市,南昌县,南昌市南昌县艾溪湖管理处瑶湖西六路,42,-
江西德合文化产业园(蒋巷工业园),江西省,南昌市,南昌县,南昌市南昌县振兴路,39,3
尤口百草园,江西省,南昌市,南昌县,瑶湖西七路与太常北一路交叉口西南440米,36,-
洪崖科技园,江西省,南昌市,南昌县,南昌市南昌县昌北区瑶湖区创新三路811号,33,65
江西海浩物流区,江西省,南昌市,南昌县,南昌市南昌县鑫维大道42号附近,33,4
怡杉环保科技园,江西省,南昌市,南昌县,南昌市南昌县南昌县高新技术产业开发区龙祥一路366号,29,3
斗半匠文化创意产业园,江西省,南昌市,南昌县,南昌市南昌县南昌县高新技术开发区创新三路777号,26,-
百思特物流园,江西省,南昌市,南昌县,南昌市南昌县汇仁大道附近,16,-
蒋巷工业园,江西省,南昌市,南昌县,南昌市南昌县振兴路东50米,10,5
新干线物流园,江西省,南昌市,南昌县,南昌市南昌县东新乡东岳大道(小远东垂钓西侧约100米),9,-
万彩标识产业园,江西省,南昌市,南昌县,摩托车大道与鑫维南大道交叉口东120米,-,1
小蓝数字经济产业园,江西省,南昌市,南昌县,小蓝中大道与金沙二路交叉口东340米,-,-
青山湖区高新技术产业开发区,江西省,南昌市,南昌县,玉泉大道与长旺路交叉口东南60米,-,845
江西现代职业技术学院大学生创业园,江西省,南昌市,南昌县,南昌市南昌县紫阳大道338号江西现代学院南门,-,1
江西水投三分地现代农业孵化园,江西省,南昌市,南昌县,蒋巷镇中大道888号,-,-
绿园企业精英孵化园,江西省,南昌市,南昌县,南昌市南昌县小蓝经济开发区小蓝经济技术开发区富山大道528号,-,161
小蓝创新创业基地,江西省,南昌市,南昌县,南昌市南昌县汇仁大道266号,-,70
泰豪产业基地,江西省,南昌市,南昌县,南昌市南昌县金沙三路与汇仁大道交叉路口往北约100米,-,-
南昌敏声射频MEMS产业园,江西省,南昌市,南昌县,南昌市南昌县瑶湖西七路,-,-
马来西亚科技产业园(江西办事处),江西省,南昌市,南昌县,南昌市南昌县富山中大道528号,-,161
江西赣玉林生态农业科技园,江西省,南昌市,南昌县,南昌市南昌县南峡路与002县道交叉口东100米,-,-
国鸿现代农业科技园,江西省,南昌市,南昌县,南昌市南昌县紫阳大道338号江西现代学院北门,-,4
南昌国家农业科技园区示范基地,江西省,南昌市,南昌县,南昌市南昌县林和农庄附近,-,-
南昌国家农业科技园,江西省,南昌市,南昌县,南昌市南昌县莲塘南大道1088正南方向150米,-,2
江西辉瑞科技工业园,江西省,南昌市,南昌县,南昌市南昌县蒋巷联圩,-,2
武阳工业园,江西省,南昌市,南昌县,南昌市南昌县泗港口路与韦丹路交叉路口西北侧,-,2
南昌国际动漫产业园,江西省,南昌市,南昌县,南昌市南昌县金沙二路1888号,-,3
昌南工业园,江西省,南昌市,青云谱区,南昌市青云谱区昌南五路5号,657,2613
中航工业洪都航空工业园,江西省,南昌市,青云谱区,南昌市青云谱区航空路9号附近,98,10
江西洪都航空工业集团有限责任公司昌南工业园区,江西省,南昌市,青云谱区,南昌市青云谱区金鹰路12号,61,38
1962文创园,江西省,南昌市,青云谱区,徐家坊商业街解放西路762号,60,31
南昌海凭国际医疗器械产业园(建设中),江西省,南昌市,青云谱区,金鹰路2号,54,4
南昌邮政速递电商产业园,江西省,南昌市,青云谱区,南昌市青云谱区南莲路330号,43,6
南昌颐高数字经济产业园,江西省,南昌市,青云谱区,城南大道与金雕路交叉口(原万象华庭),35,102
江南云港数字产业园,江西省,南昌市,青云谱区,南昌市青云谱区青云谱镇恒茂英伦小区对面,29,609
三店南苑工业园,江西省,南昌市,青云谱区,南昌市青云谱区广州路60号,25,21
昌强创意产业园,江西省,南昌市,青云谱区,南昌市青云谱区佛塔路168号,23,111
岭南电商(江西)智慧产业园,江西省,南昌市,青云谱区,南昌市青云谱区青云谱镇新溪桥路88号,22,166
江西景泰华电子商务产业园(景泰华新经济产业园),江西省,南昌市,青云谱区,南昌市青云谱区新地路8号,10,115
军帆阳光产业园,江西省,南昌市,青云谱区,福海路与焕章路交叉口东南240米,10,1
中航长江设计师产业园,江西省,南昌市,青云谱区,南昌市青云谱区洪都南大道311号(长运汽车检测站旁),9,22
深蓝智造创意园(青云谱深蓝vr智能产业孵化基地),江西省,南昌市,青云谱区,南昌市青云谱区洪都南大道237号,9,28
青云谱电子商务产业孵化基地,江西省,南昌市,青云谱区,南昌市青云谱区京山新街93号,9,75
颐高数字文创园,江西省,南昌市,青云谱区,南昌市青云谱区解放西路3号,-,27
青云谱大学生餐饮创业孵化基地,江西省,南昌市,青云谱区,南昌市青云谱区佛塔路与新地路交叉口南50米,-,58
江西艾迪培训创业孵化基地,江西省,南昌市,青云谱区,广州路96号附近,-,25
洪都航空工业产业园,江西省,南昌市,青云谱区,南昌市青云谱区洪都南大道38号附近,-,12
江西阳光乳业集团产业园区,江西省,南昌市,青云谱区,东新乡上海庄园路,-,-
南昌市残疾人文化艺术创意产业园,江西省,南昌市,青云谱区,南昌市青云谱区江铃东二路东150米,-,8
海吉星孵化园,江西省,南昌市,青云谱区,南昌市青云谱区航空路附近,-,193
优联创业创新园,江西省,南昌市,青云谱区,南昌市青云谱区广州路中国石化加油站青云谱站东南侧约40米,-,28
产投进未来医疗器械产业园二期,江西省,南昌市,进贤县,医科大道1189号,184,1
江西海西轻纺工业园,江西省,南昌市,进贤县,南昌市进贤县316国道东50米,110,1
工控进未来1期,江西省,南昌市,进贤县,南昌市进贤县医疗器械产业园区医科大道以北698号,69,10
广州鹏牌灵洋企业江西产业园,江西省,南昌市,进贤县,南昌市进贤县医科大道788号,33,17
爱光大健康产业园,江西省,南昌市,进贤县,南昌市进贤县医科园医科大道518号,20,50
温福(省级)小企业创业基地,江西省,南昌市,进贤县,南昌市进贤县温福大道东150米,15,-
江西进贤经济开发区,江西省,南昌市,进贤县,民和镇,-,3
江西进贸经济开发区,江西省,南昌市,进贤县,制造业大道与进贤大道交叉口北40米,-,-
文港镇开发区,江西省,南昌市,进贤县,文港镇,-,6
进贤县文港镇农民创业园,江西省,南昌市,进贤县,南昌市进贤县文港镇工业大道1号正西方向120米,-,4
温圳综合市场小企业创业基地,江西省,南昌市,进贤县,南昌市进贤县温圳大道,-,7
江西铭发高新技术企业孵化中心,江西省,南昌市,进贤县,南昌市进贤县青阳大道与燕曹路交叉路口往东约50米,-,111
联决电子科技园,江西省,南昌市,进贤县,创新路与工业五路交叉口东南280米,-,-
凯盛浩丰进贤(东南)智慧农业产业园区,江西省,南昌市,进贤县,南昌市进贤县罗溪镇罗岭路188号,-,-
国资南昌硒谷·钟陵现代农业产业园,江西省,南昌市,进贤县,南昌市进贤县钟陵乡石灰岭林场(S211进贤至三里的省道旁边),-,-
必拓产业园,江西省,南昌市,进贤县,南昌市进贤县滨湖西大道,-,-
进贤县跨境电商创业园,江西省,南昌市,进贤县,南昌市进贤县民和镇江西进贤经济开发区,-,-
江西省大健康产业园管理园,江西省,南昌市,进贤县,南昌市进贤县民和镇医科大道,-,76
正泰低压产业园,江西省,南昌市,进贤县,南昌市进贤县开发区,-,-
江西美格尔医疗产业园,江西省,南昌市,进贤县,南昌市进贤县创业大道513号,-,7
江西进贤经开区温圳产业园,江西省,南昌市,进贤县,南昌市进贤县316国道东50米,-,3
安义·盈创小微创业园,江西省,南昌市,安义县,南昌市安义县东阳镇东阳大道88号,339,230
江西铭辉杭萧钢构产业园,江西省,南昌市,安义县,南昌市安义县红山大道附近,148,1
吉恩食安云食安厨房食材大数据集群价值(南昌总部)智能园,江西省,南昌市,安义县,南昌市安义县308省道北50米,45,5
江西安义工业园区,江西省,南昌市,安义县,南昌市安义县308省道北150米,25,-
城投创业园,江西省,南昌市,安义县,南昌市安义县凤凰西路与创业孵化街交叉口东50米,14,-
江西(南昌)青少年文创研学产业基地,江西省,南昌市,安义县,石鼻镇罗田村安义千年古村群,-,-
富盛产业园,江西省,南昌市,安义县,江西省南昌市安义县长均乡富盛产业园,-,-
安义数字经济产业园,江西省,南昌市,安义县,迎宾大道10号,-,309
安义教育园,江西省,南昌市,安义县,向阳东路与教育路中山北路西100米,-,6
安义宗山米粉小镇,江西省,南昌市,安义县,南昌市安义县黄洲镇宗山垅,-,9
安义门窗特色产业小镇,江西省,南昌市,安义县,南昌市安义县红山大道,-,24
德福工业园,江西省,南昌市,安义县,南昌市安义县G105(昌九公路),-,-
云创(安义)数字经济产业园,江西省,南昌市,安义县,东阳镇孙滤城东路,-,-
中国云厨(南昌)全域产业园,江西省,南昌市,安义县,南昌市安义县长均乡下罗,-,-
绿能农业综合开发科技园,江西省,南昌市,安义县,南昌市安义县308省道南50米,-,-
南昌水土保持生态科技园,江西省,南昌市,安义县,南昌市安义县长京段东50米,-,4
安义工业园区北新段,江西省,南昌市,安义县,南昌市安义县北新段西100米,-,-
西湖区工业园,江西省,南昌市,安义县,南昌市安义县凤凰东路东50米,-,2
江西香江家装产业园,江西省,南昌市,安义县,南昌市安义县锦绣西大道26号附近,-,-
清晨产业园,江西省,南昌市,安义县,南昌市安义县105国道西50米,-,-
用友产业园(南昌),江西省,南昌市,红谷滩区,南昌市红谷滩区嘉言路668号,571,588
国家职业教育虚拟仿真实训示范基地(建设中),江西省,南昌市,红谷滩区,南昌市红谷滩区九龙大道6000号,259,-
慧谷创意产业园(南昌创业创新基地),江西省,南昌市,红谷滩区,南昌市红谷滩区红谷滩区学府大道899号,222,1181
红谷滩区现代服务产业园(建设中),江西省,南昌市,红谷滩区,昌西大道与双云路辅路和平路南260米,183,-
江西海新科技园,江西省,南昌市,红谷滩区,南昌市新建区红谷滩区产业路与宁远大街交叉口东南150米,152,-
南昌乾龙物流园A区,江西省,南昌市,红谷滩区,南昌市红谷滩区红谷滩区西站大街,125,1
中国南昌VR产业基地(南昌AI+VR创新基地),江西省,南昌市,红谷滩区,南昌市红谷滩区九龙湖管理处九龙大道1177号绿地国际博览城,101,643
红谷滩区流量经济(互联网)产业园(建设中),江西省,南昌市,红谷滩区,龙兴大街(西站南广场地铁站1号口步行80米),60,-
江西惜能产业园,江西省,南昌市,红谷滩区,南昌市新建区璜溪大道18,56,11
新建智慧谷创新科技园,江西省,南昌市,红谷滩区,南昌市新建区红谷滩区璜溪大道50号,29,1
红谷滩数字经济产业园,江西省,南昌市,红谷滩区,丰和北大道96号,27,85
酒店设备科技产业园,江西省,南昌市,红谷滩区,南昌市新建区科发路168号,27,2
江西互联网金融产业园,江西省,南昌市,红谷滩区,南昌市红谷滩区,24,149
江西汉昀孵化器,江西省,南昌市,红谷滩区,南昌市红谷滩区红谷滩区红谷中大道1583附近,2,1
一亿中流上市加速器,江西省,南昌市,红谷滩区,南昌市红谷滩区红谷滩新区丰和北大道369号,-,-
侨梦苑侨商产业聚集区,江西省,南昌市,红谷滩区,南昌市红谷滩区红谷滩区红谷中大道2022号附近,-,-
江西惠谷·红谷创意产业园2期,江西省,南昌市,红谷滩区,南昌市红谷滩区安平南路与百鸣路交叉口西南200米,-,7
银燕物流基地,江西省,南昌市,西湖区,南昌市西湖区昌南大道和桃花路交汇处,455,119
九洲老三志物流园,江西省,南昌市,西湖区,南昌市西湖区九洲大街与玉兰路交汇处,24,-
梦想小街,江西省,南昌市,西湖区,南昌市西湖区朝阳洲中路199号,16,28
天樾创意产业园,江西省,南昌市,西湖区,南浦路92号,-,23
企服通小企业创业基地,江西省,南昌市,西湖区,南昌市西湖区安石路126号,-,13
众邦龙车用尿素南昌生产基地,江西省,南昌市,西湖区,南昌市西湖区洪润横街与大市场东路交叉路口往西约100米,-,22
中国服装品牌孵化基地,江西省,南昌市,西湖区,南昌市西湖区建设西路512-2号附近,-,37
南昌台湾健康产业城(建设中),江西省,南昌市,西湖区,南昌市西湖区朝阳农场老洲街和抚生南路交汇处抚生路2659号对面,-,3
南昌设计师创意园,江西省,南昌市,西湖区,南昌市西湖区抚生南路1166号附近,-,6
兰桂坊创意产业园,江西省,南昌市,西湖区,南昌市西湖区井冈山大道1103号,-,57
西湖区电子商务产业园,江西省,南昌市,西湖区,南昌市西湖区朝阳洲中路1173号,-,31
南昌市电子商务产业园,江西省,南昌市,西湖区,南昌市西湖区会堂东路136号附近,-,69
南昌跨境电商产业园,江西省,南昌市,西湖区,南昌市西湖区朝阳洲路199号,-,16
家世界全域华佑装饰产业园,江西省,南昌市,东湖区,南昌市东湖区洪都北大道583号华佑装饰总部大楼,-,22
豫章壹号文化科技园,江西省,南昌市,东湖区,南昌市东湖区豫章街道豫章路一号,-,158
毅德城,江西省,赣州市,章贡区,赣州市章贡区玉潭路吉麻湖东北,1162,250
赣州开发区稀土与钨产业园,江西省,赣州市,章贡区,赣州市章贡区黄金北大道与金凤路交叉路口西南侧,1116,19
赣州移动经济技术开发区工业园中心区域,江西省,赣州市,章贡区,赣州市章贡区章贡王路与金坪西路交叉口南约60米,709,48
华东城,江西省,赣州市,章贡区,赣州市章贡区沙河大道,655,318
赣州开发区生物医药产业园,江西省,赣州市,章贡区,赣州市章贡区华昌路与赣通大道交叉口北100米,646,38
赣州开发区食品产业园,江西省,赣州市,章贡区,赣州市章贡区涌泉大道,548,61
赣州华坚名客国际电子商务产业园,江西省,赣州市,章贡区,赣州市章贡区迎宾大道北侧,353,2
沙河工业园区,江西省,赣州市,章贡区,赣州市章贡区沙河工业园沙河大道,335,146
赣州天安智谷科技产业园(建设中),江西省,赣州市,章贡区,赣州市章贡区华昌路与黄金大道交汇处,269,-
曼妮芬工业园,江西省,赣州市,章贡区,赣州市章贡区金岭西路89号,249,13
江西中煤装配式建筑产业园,江西省,赣州市,章贡区,赣州市章贡区金发路与冶金南路交叉口西南方向100米,233,4
金潭物流园,江西省,赣州市,章贡区,金潭大道22号,215,8
赣州综合物流园,江西省,赣州市,章贡区,赣州市章贡区岗边大道,210,154
赣州智造谷电子信息产业园,江西省,赣州市,章贡区,赣州市章贡区黄金大道160号,209,44
赣州经济技术开发区华昌科技园,江西省,赣州市,章贡区,赣州市章贡区斋公坑华昌路东北,186,37
香江科技园(赣州开发区高新技术产业孵化基地),江西省,赣州市,章贡区,赣州市章贡区香江大道168号,159,240
华东国际商贸物流城,江西省,赣州市,章贡区,赣州市章贡区天龙山1号,159,247
赣州综合商贸物流园,江西省,赣州市,章贡区,赣州市章贡区潭东镇潭东二路,155,155
顺丰丰泰产业园·赣州,江西省,赣州市,章贡区,赣州市章贡区岗边大道旁,155,1
赣州国际企业中心总部园区,江西省,赣州市,章贡区,赣州市章贡区华坚北路与香江大道交汇处,146,5013
江奥科技园,江西省,赣州市,章贡区,湖边镇,140,-
赣州万吉智慧供应链物流园,江西省,赣州市,章贡区,"赣州市章贡区章贡区经开区华昌路东北侧,梨园路西北侧",129,11
赣州闽赣建材产业园,江西省,赣州市,章贡区,赣州市章贡区湖边镇凤凰路128号,125,-
赣州飞天电商园,江西省,赣州市,章贡区,沙河大道与323国道交汇处,122,288
赣州香港工业园(金岭科技园),江西省,赣州市,章贡区,赣州市章贡区赣州经济技术开发区工业四路,116,124
启迪(赣州)科技城项目一期产业园,江西省,赣州市,章贡区,赣南大道与创新大道交叉口东360米,115,71
恒科产业园,江西省,赣州市,章贡区,赣州市章贡区湖边镇赣通大道888号宜居小区对面,114,72
飞天谷·跨境电商产业园,江西省,赣州市,章贡区,综合保税区振兴大道以南创业北路以东B-7-3地块,110,-
华东城现代综合物流园,江西省,赣州市,章贡区,赣州市章贡区天龙山路赣州农批华东城南侧约210米,108,19
赣州市章贡区小微企业创业园,江西省,赣州市,章贡区,赣州市章贡区站东大道12号,107,243
赣州中联环保电镀工业园,江西省,赣州市,章贡区,赣州市章贡区冶金路18,107,3
传化·赣州腾宜达金属物流园,江西省,赣州市,章贡区,经济技术开发区岗边大道88号,106,9
涌泉科技园,江西省,赣州市,章贡区,赣州市章贡区赣州经济技术开发区宋家坑,103,9
秋山科技园,江西省,赣州市,章贡区,赣州市章贡区赣州经济技术开发区涌泉大道西北,102,11
江西轰天炮光电科技产业园,江西省,赣州市,章贡区,赣州市章贡区章贡区经济技术开发区凤凰路118号,98,-
华坚双创园(赣州华坚国际鞋城),江西省,赣州市,章贡区,赣州市章贡区黄金岭街道华坚商业街,92,14
章贡区赣商回归创业园,江西省,赣州市,章贡区,赣州市章贡区冶金南路,91,2
江西红土地物流集团有限公司(红土地物流园),江西省,赣州市,章贡区,赣州市章贡区梅林大道与江环路交叉口南100米,87,22
泉岗科技园,江西省,赣州市,章贡区,赣州市章贡区湖边镇涌泉村,84,-
赣州(章贡)千人计划人才产业园,江西省,赣州市,章贡区,沙河镇沙河口路,76,81
巨亿·赣南电商城东区,江西省,赣州市,章贡区,赣州市章贡区赣南大道九方巨亿广场东侧,73,44
江山金属产业园,江西省,赣州市,章贡区,赣州市章贡区采蝶路与金岭路交叉口西南150米,69,48
江西嘉德物联科技产业园,江西省,赣州市,章贡区,香港工业园北区赣通大道114号,69,5
赣州总部经济区,江西省,赣州市,章贡区,赣州市章贡区水南镇章贡新区兴国路65号,65,311
宋城一号文化创意园,江西省,赣州市,章贡区,赣州市章贡区文明大道8号,60,28
章贡区软件产业园,江西省,赣州市,章贡区,沙河大道与人和路中山北路西北20米,59,157
赣坊1969文化创意产业园,江西省,赣州市,章贡区,赣州市章贡区红旗大道63号,59,46
核工业二六四大队产业园,江西省,赣州市,章贡区,赣州市章贡区赣州经济技术开发区赣通大道123号,58,3
云创智谷,江西省,赣州市,章贡区,潭东镇蓉江新区管委会后面,50,214
赣州华东农副产品物流园,江西省,赣州市,章贡区,赣州市章贡区S4503赣州绕城高速入口西150米,47,2
赣州文化创意园,江西省,赣州市,章贡区,华坚南大道与金坪东路交叉口西140米,30,8
红五星文创园,江西省,赣州市,章贡区,赣州市章贡区黄金岭街道金岭大道6号(原电池厂),30,75
赣州综合保税区,江西省,赣州市,章贡区,赣州市章贡区飞翔路附近,30,149
厚鑫物流园,江西省,赣州市,章贡区,赣州市章贡区蟠龙镇迎宾大道晶环稀土东150米,25,4
纽纽科技人工智能产业园,江西省,赣州市,章贡区,沙河工业园沙河路口16号,25,15
猪八戒赣州园区(西城科技园),江西省,赣州市,章贡区,赣州市章贡区香江大道169号猪八戒赣州园区,24,455
赣州VR数字经济产业园,江西省,赣州市,章贡区,合欢路516双创产业园1栋3楼,23,257
赣州蓉江新区管委会,江西省,赣州市,章贡区,潭东镇创业路6号,23,35
天羔创新园,江西省,赣州市,章贡区,赣州市章贡区沙河镇章贡高新区如日山路8号,20,23
启迪K栈双创孵化园,江西省,赣州市,章贡区,赣州市章贡区景明路516双创产业园A3栋,13,3
江西赣州人力资源服务产业园,江西省,赣州市,章贡区,赣州市章贡区工业三路与金岭路交叉口西150米,13,50
康茂城文化创意产业园,江西省,赣州市,章贡区,赣州市章贡区金岭路与金岭西大道交叉口西南方向30米,10,1
赣发智能装备产业园,江西省,赣州市,章贡区,和谐大道与赣虔大道交叉口西南420米,-,14
中国赣州数字金融产业园,江西省,赣州市,章贡区,社前路与丘坑路交叉口西300米,-,-
江西泰强科技园,江西省,赣州市,章贡区,赣州经济技术开发区宋家坑涌泉C8栋,-,-
百美达科技园,江西省,赣州市,章贡区,纬一路与民乐路和平路东120米,-,-
赣州市章贡区软件产业孵化园,江西省,赣州市,章贡区,章贡高新区人和路9号,-,68
赣州毅德电子商务创业园,江西省,赣州市,章贡区,赣州市章贡区G105(京珠线),-,-
赣州数字经济创新中心,江西省,赣州市,章贡区,赣州市章贡区江环路,-,33
福雷斯大数据产业基地,江西省,赣州市,章贡区,赣州市章贡区螺田路3号,-,17
赣州市章贡区中小企业创业基地,江西省,赣州市,章贡区,赣州市章贡区站东大道12号,-,22
赣南师范大学科技学院大学生创业园,江西省,赣州市,章贡区,红旗大道61号,-,-
赣州经开区赣商回归创业园,江西省,赣州市,章贡区,赣州市章贡区王南路,-,1
江西俊科电子产业园(建设中),江西省,赣州市,章贡区,赣州市章贡区黄金大道西北侧,-,-
恒科数字经济产业园,江西省,赣州市,章贡区,湖边镇赣通大道888号宜居小区对面,-,2
赣州数字经济产业园,江西省,赣州市,章贡区,赣州市章贡区站东大道12号西南60米,-,29
赣州华坚电商产业园,江西省,赣州市,章贡区,赣州市章贡区赣州经济技术开发区迎宾大道北侧,-,2
赣州开发区电子产业园,江西省,赣州市,章贡区,赣州市章贡区黄金北大道与凤凰路交叉路口北侧,-,-
赣州北大青鸟IT创想园,江西省,赣州市,章贡区,赣州市章贡区湖边镇赣通大道98号,-,6
赣州蓉江新区高校园区,江西省,赣州市,章贡区,赣州市章贡区赣南大道辅路,-,29
赣州农产品国际物流园,江西省,赣州市,章贡区,赣州市章贡区水西镇石桥坑,-,36
江西章贡高新技术产业园区,江西省,赣州市,章贡区,赣州市章贡区水西镇一零五国道水西工业园路口斜对面正北方向110米,-,1
水西园区,江西省,赣州市,章贡区,赣州市章贡区水西镇冶金大道1号,-,1
赣州经济技术开发区,江西省,赣州市,章贡区,赣州市章贡区金兰路与金叶路交汇处西150米,-,22
鼎立物流园,江西省,赣州市,章贡区,赣州市章贡区潭口镇黄金医院对面,-,4
赣州北斗产业园,江西省,赣州市,章贡区,赣州市章贡区345县道北150米,-,-
赣州新能源汽车科技城,江西省,赣州市,南康区,旭日大道与章潭路交叉口东南240米,3614,14
江西南康工业园龙岭东区,江西省,赣州市,南康区,赣州市南康区杜樟段与323国道交汇处北100米,818,39
赣州国际陆港,江西省,赣州市,南康区,赣州港4号地块,751,143
金瑞琪智能制造产业园(建设中),江西省,赣州市,南康区,赣州市南康区唐龙大道一旭日大道,700,-
南康家居小镇,江西省,赣州市,南康区,赣州市南康区镜坝镇园全村,582,164
中国·中部国际物流商贸城,江西省,赣州市,南康区,赣州市南康区龙岭镇赣南大道,544,667
江西南康经济开发区龙岭工业园西区,江西省,赣州市,南康区,赣州市南康区杜樟段与323国道交叉口西50米,519,146
臻顺跨境电子商务产业园,江西省,赣州市,南康区,赣州市南康区东山北路,308,289
镜坝镇电商孵化园,江西省,赣州市,南康区,镜坝镇联民村安置点,255,110
镜坝镇返乡创业园,江西省,赣州市,南康区,赣州市南康区林鑫东路与238省道交叉口东50米,250,33
唐江镇大岭家具生产基地,江西省,赣州市,南康区,赣州市南康区359县道与唐平南路交叉口西北侧,240,-
江西龙泰安冷链产业园,江西省,赣州市,南康区,赣州港4号地块,223,16
中意投互联网整屋定制家具产业园,江西省,赣州市,南康区,产业大道,181,3
赣州南康区朱坊洪基工业园,江西省,赣州市,南康区,赣州市南康区朱坊乡胜利村,172,-
臻顺智慧物流园(智道物流园A区),江西省,赣州市,南康区,龙岭镇,145,36
互联网家具产业园,江西省,赣州市,南康区,赣州市南康区东山街道电商大厦互联网家具产业园,144,4
赣州国际港申通物流园,江西省,赣州市,南康区,龙岭镇新屋村申通（赣州港）物流园,134,3
南康红土地物流园,江西省,赣州市,南康区,赣州市南康区龙岭工业园西区,121,12
赣州宝明科技园,江西省,赣州市,南康区,赣州市南康区凤岗镇附近,117,1
出口家具加工中心,江西省,赣州市,南康区,赣州市南康区老虎头,92,13
智造谷,江西省,赣州市,南康区,赣州市南康区龙岭工业园西区,72,159
立德工业园,江西省,赣州市,南康区,赣州市南康区岗边大道,59,-
赣州港电子信息产业园,江西省,赣州市,南康区,江西省赣州市南康区龙岭镇赣州港电子信息产业园江西汇明生态家居科技有限公司,36,11
南康桐梓创业园,江西省,赣州市,南康区,赣州市南康区105国道东100米,29,-
明创产业园,江西省,赣州市,南康区,赣州市南康区龙岭家具产业园,21,3
三晶智能制造产业园(建设中),江西省,赣州市,南康区,城西大道99号,-,-
中国赣州数字科技产业园,江西省,赣州市,南康区,金融中心3号楼,-,-
墨里·望鲸云仓创意园,江西省,赣州市,南康区,泰康西大道与金衡阳大道交叉口东北180米,-,-
南康五马创业园,江西省,赣州市,南康区,赣州市南康区105国道东50米,-,-
田尾创业园,江西省,赣州市,南康区,赣州市南康区镜坝镇连城村,-,4
南康区太窝乡家具生产基地B区,江西省,赣州市,南康区,赣州市南康区238省道东50米,-,2
油田创业园,江西省,赣州市,南康区,赣州市南康区龙回镇油田村,-,-
赣州(粤港澳大湾区)高新技术产业园(建设中),江西省,赣州市,南康区,赣州市南康区城西大道西段北侧(唐江镇),-,-
江西南康经济开发区龙华工业园,江西省,赣州市,南康区,赣州市南康区324省道西50米,-,4
坨圳工业园,江西省,赣州市,南康区,赣州市南康区105国道旁,-,25
南康战略性新兴产业园,江西省,赣州市,南康区,产业大道与357国道交叉口西60米,-,1
南康区新能源汽车产业基地,江西省,赣州市,南康区,赣州市南康区238省道附近,-,1
东山工业区,江西省,赣州市,南康区,赣州市南康区工业五路与迎宾东大道交叉口南50米,-,7
龙回半岭创业园,江西省,赣州市,南康区,赣州市南康区南康区创业园大道,-,-
五金水电材料商行工业园,江西省,赣州市,南康区,赣州市南康区迎宾中大道与金桥路交叉路口西北侧,-,17
亚森家具工业园,江西省,赣州市,南康区,赣州市南康区105国道南100米,-,-
桥口工业园,江西省,赣州市,南康区,赣州市南康区贤女路西50米,-,33
赣州市宇森照明节能科技产业园,江西省,赣州市,南康区,镜坝镇战略性新兴产业园内,-,-
江西邮政(南康)电子商务智慧产业园,江西省,赣州市,南康区,赣州市南康区金城大街65号,-,7
南康家具产业园,江西省,赣州市,南康区,赣州市南康区龙岭镇星驿商务宾馆,-,10
中国赣南脐橙产业园,江西省,赣州市,信丰县,赣州市信丰县安西镇安西小学往北500米,5180,5
中国赣州南部国际物流商贸城,江西省,赣州市,信丰县,赣州市信丰县城南大道,509,458
众恒科技园,江西省,赣州市,信丰县,赣州市信丰县深圳大道,455,8
中信产业园,江西省,赣州市,信丰县,西牛镇,422,15
江西智汇雨科技园,江西省,赣州市,信丰县,赣州市信丰县诚信大道,218,57
信臻5G智能机器人产业园,江西省,赣州市,信丰县,深圳大道与众恒路交叉口西320米,201,-
信丰高新区物流园,江西省,赣州市,信丰县,赣州市信丰县南京大道1号,95,-
宏达产业园,江西省,赣州市,信丰县,工业大道与集友路交叉口北180米,88,1
大塘埠工业小区,江西省,赣州市,信丰县,赣州市信丰县大塘埠镇,61,-
信丰赣南蔬菜配套产业园,江西省,赣州市,信丰县,赣州市信丰县工业园集友路,59,-
江西信丰雷登创业工业园,江西省,赣州市,信丰县,赣州市信丰县工业大道23号,50,4
信丰福昌发工业园,江西省,赣州市,信丰县,赣州市信丰县城北大道,50,8
宝光工业区,江西省,赣州市,信丰县,赣州市信丰县工业大道31号,24,465
小微创业园,江西省,赣州市,信丰县,绿源大道信丰农商银行(工业园支行)东北侧约140米,24,8
中顺工业区,江西省,赣州市,信丰县,工业大道与诚志路交叉口北280米,21,18
58科创园,江西省,赣州市,信丰县,赣州市信丰县G105(迎宾大道北),11,14
钢筋加工区,江西省,赣州市,信丰县,赣州市信丰县农夫路,-,-
君诚光电科技园,江西省,赣州市,信丰县,赣州市信丰县工业三路,-,12
信达中路科技园,江西省,赣州市,信丰县,赣州市信丰县绿源大道,-,57
信达电路科技园,江西省,赣州市,信丰县,赣州市信丰县阳溪路,-,1
信丰5G产业园,江西省,赣州市,信丰县,赣州市信丰县迎宾大道,-,133
信丰第一服装产业园,江西省,赣州市,信丰县,赣州市信丰县工业三路江西信丰雷登工业园东侧约270米,-,2
中国农批信丰中合农产品物流园,江西省,赣州市,信丰县,迎宾大道新交警大队南侧,-,-
大唐工业园,江西省,赣州市,信丰县,赣州市信丰县325省道附近,-,26
信丰电子产业园,江西省,赣州市,信丰县,赣州市信丰县诚信大道与绿源大道交叉口,-,81
橙乡电商,江西省,赣州市,信丰县,赣州市信丰县城北大道,-,13
富高(信丰)电商文创园,江西省,赣州市,信丰县,赣州市信丰县城北大道与迎宾大道交叉口东240米路北,-,1
信达电路科技园办公大楼,江西省,赣州市,信丰县,赣州市信丰县工业园西区产业一路,-,36
深亚科技园,江西省,赣州市,信丰县,赣州市信丰县城北大道与诚信大道交叉口西北100米,-,5
赣南(信丰)脐橙产业基地,江西省,赣州市,信丰县,赣州市信丰县城北大道与105国道交叉口西南50米,-,8
信丰县高新技术产业园区,江西省,赣州市,信丰县,赣州市信丰县诚信大道,-,27
江西省三南粤港澳大湾区合作产业示范园,江西省,赣州市,龙南市,赣州市龙南市G105(京珠线),1915,16
富康工业园,江西省,赣州市,龙南市,赣州市龙南市富康大道,188,179
中国赣州跨境电子商务综合试验区,江西省,赣州市,龙南市,赣州市龙南市新圳大道与骏亚大道交叉口东约180米,170,38
新灵倍康石斛健康产业园,江西省,赣州市,龙南市,赣州市龙南市G105(京珠线),168,-
瑞兴龙智能终端产业园,江西省,赣州市,龙南市,赣州市龙南市东流坑大道,139,2
龙南市工业区,江西省,赣州市,龙南市,赣州市龙南市龙南经济技术开发区,131,1
骏亚工业园,江西省,赣州市,龙南市,赣州市龙南市龙南镇,122,1
华立美工业园,江西省,赣州市,龙南市,西经一路与优信普路交叉路口往西约80米,109,8
龙南瑞龙纺织服饰科技产业园,江西省,赣州市,龙南市,赣州市龙南市金塘路,88,3
比邦智能科技园,江西省,赣州市,龙南市,赣州隆星科技有限公司东侧,53,7
龙南国际眼镜产业园,江西省,赣州市,龙南市,骏亚大道与东流坑大道交叉路口往东约120米,42,-
乐博维产业园,江西省,赣州市,龙南市,赣州市龙南市塘背路与东二路交叉路口西北侧,22,-
东江乡新圳村基层组织创业园,江西省,赣州市,龙南市,535国道与中和大道交叉口东北440米,-,2
龙南县奥园广场电子商务孵化园,江西省,赣州市,龙南市,迎宾大道南,-,15
绮都智慧创业园区,江西省,赣州市,龙南市,赣州市龙南市龙岗大道与塘背路交叉路口西北侧,-,-
金塘工业园,江西省,赣州市,龙南市,赣州市龙南市黄沙路与汇森大道交叉口西南方向190米,-,2
龙南经济技术开发区,江西省,赣州市,龙南市,赣州市龙南市翼龙路,-,477
赣州人力资源服务产业园龙南园区,江西省,赣州市,龙南市,赣州市龙南市金水大道,-,1
龙南客家红文创园,江西省,赣州市,龙南市,赣州市龙南市龙南电子商务产业园5号,-,-
龙腾电子科技园,江西省,赣州市,龙南市,赣州市龙南市市下围大道与迎宾大道交叉口西南150米,-,1
旭鑫工业苑,江西省,赣州市,龙南市,赣州市龙南市大罗工业区,-,2
大罗工业区,江西省,赣州市,龙南市,赣州市龙南市黄沙路与105国道交叉口东100米,-,2
霍山石斛龙南产业园,江西省,赣州市,龙南市,赣州市龙南市金水大道628号,-,3
龙南电子商务产业园,江西省,赣州市,龙南市,赣州市龙南市龙南镇龙鼎大道,-,3
瑞金市国家经济技术开发区,江西省,赣州市,瑞金市,石中段与888乡道交叉口西北100米,7172,443
金沙工业园,江西省,赣州市,瑞金市,赣州市瑞金市叶坪镇沙子岗,663,25
中国·赣闽商贸物流园,江西省,赣州市,瑞金市,赣州市瑞金市206国道附近,425,20
沙洲坝工业园,江西省,赣州市,瑞金市,赣州市瑞金市沙洲坝镇,303,124
电气化机械产业园,江西省,赣州市,瑞金市,赣州市瑞金市创业大道,228,41
智佳数字产业园,江西省,赣州市,瑞金市,沙洲坝镇,137,1
红都兴光电科技园,江西省,赣州市,瑞金市,赣州市瑞金市金龙二路,114,-
瑞金市电子科技产业园(建设中),江西省,赣州市,瑞金市,经开区沙洲坝路西北面(九华药业对面),112,4
金龙工业区,江西省,赣州市,瑞金市,赣州市瑞金市金鑫大道100号,107,8
瑞金同信产业孵化园(建设中),江西省,赣州市,瑞金市,长征大道与沙洲坝路交叉口东北180米,97,-
金富科技园,江西省,赣州市,瑞金市,赣州市瑞金市金龙二路,51,-
瑞和黄金珠宝产业园,江西省,赣州市,瑞金市,赣州市瑞金市瑞金市经济开发区金光大道(凯迪电子院内),34,-
瑞金创新创业基地,江西省,赣州市,瑞金市,赣州市瑞金市金龙二路与红井路交叉路口往南约100米,31,1
瑞金市电子商务孵化园,江西省,赣州市,瑞金市,赣州市瑞金市创业大道东侧,27,18
塑胶产业园,江西省,赣州市,瑞金市,赣州市瑞金市金光大道,24,26
瑞金经开区智能加工产业园(建设中),江西省,赣州市,瑞金市,瑞金枢纽Ⅱ与G76厦蓉高速交叉口北300米,-,-
城西开发区,江西省,赣州市,瑞金市,赣州市瑞金市红都大道386号,-,23
瑞金市创业孵化基地,江西省,赣州市,瑞金市,赣州市瑞金市七彩大道与瑞金大道西交叉口东北方向80米,-,54
台商创业园,江西省,赣州市,瑞金市,赣州市瑞金市金龙大道,-,26
1107文化旅游创意产业园,江西省,赣州市,瑞金市,泽覃大道与509县道交叉口东南60米,-,18
兴国县工业园区,江西省,赣州市,兴国县,赣州市兴国县宏昌车辆检测中心(红门大道东),1542,101
洪门工业区,江西省,赣州市,兴国县,赣州市兴国县潋江镇红门大道洪门村,324,3
兴国县智能家电产业园,江西省,赣州市,兴国县,纬五路与经七路和平路西300米,207,5
金盛创业园,江西省,赣州市,兴国县,经五路与纬三路交叉口南80米,136,1
昌明电子玩具产业园,江西省,赣州市,兴国县,纬三路与纬六路交叉口西140米,110,166
军民融合产业基地,江西省,赣州市,兴国县,赣州市兴国县潋江镇经济开发区南区经五路,81,-
油茶科技园,江西省,赣州市,兴国县,赣州市兴国县迎宾大道,79,1
久容卫浴工业园,江西省,赣州市,兴国县,洪门工业园南区,74,-
旭航诚光电产业园,江西省,赣州市,兴国县,赣州市兴国县纬五路与经四路交叉口东南约80米,57,-
江西卓品新材料产业园,江西省,赣州市,兴国县,文明大道与经五路交叉口西500米,50,1
高兴镇返乡创业园,江西省,赣州市,兴国县,238国道与319国道交叉口东220米,35,2
智谷创联科创园,江西省,赣州市,兴国县,模范大道152号,-,6
北京联盟园,江西省,赣州市,兴国县,五福路与兴国大道中山北路西80米,-,-
兴国县残疾人就业创业孵化基地,江西省,赣州市,兴国县,赣州市兴国县模范大道,-,-
兴国县国际商贸城创业孵化基地,江西省,赣州市,兴国县,赣州市兴国县G319(厦成线),-,30
兴国聚众文化科技创意园,江西省,赣州市,兴国县,兴国县工业园红门经济开发区新区春天文化传媒有限公司,-,4
联纲产业园,江西省,赣州市,兴国县,赣州市兴国县模范大道,-,5
兴国县电子商务产业孵化园,江西省,赣州市,兴国县,赣州市兴国县迎宾大道,-,13
江背针织工业区,江西省,赣州市,兴国县,赣州市兴国县319国道北50米,-,-
赣州高新技术产业开发区,江西省,赣州市,赣县区,贡江大道与铜铝大道交叉口,5330,525
七里工业园,江西省,赣州市,赣县区,赣州市赣县区科力路东50米,413,31
江西省现代服务业集聚区,江西省,赣州市,赣县区,赣州市赣县区城南大道与万里路交叉路口往西南约200米,232,338
赣州高新区高新技术企业加速器,江西省,赣州市,赣县区,汇龙大道富贵山林西北侧约270米,104,3
红金工业园,江西省,赣州市,赣县区,赣州市赣县区赣新大道,95,24
中国稀金谷永磁电机产业园,江西省,赣州市,赣县区,赣州市赣县区洋塘工业大道,84,64
协晟零部件产业园,江西省,赣州市,赣县区,赣州市赣县区振兴路19号B1栋,84,37
赣县小微企业创业园,江西省,赣州市,赣县区,创业路与火炬西路交叉口西北50米,62,17
赣州返乡农民工创业园,江西省,赣州市,赣县区,赣州市赣县区火炬大道西,25,-
稀金谷双创园,江西省,赣州市,赣县区,赣州市赣县区火炬大道,15,502
赣州高新区电商园,江西省,赣州市,赣县区,赣州市赣县区高新技术产业园红金工业园火炬大道19号,13,95
江西省赣县金钩形水土保持科技示范园,江西省,赣州市,赣县区,赣州市赣县区白鹭乡吉塘村,10,-
江西赣州高新技术产业园区(兴园大道),江西省,赣州市,赣县区,赣州市赣县区赣新大道与兴园大道交叉口西南约20米,4,3
赣县区小企业创业基地,江西省,赣州市,赣县区,赣州市赣县区洋塘村糖厂路东南方向100米,-,-
共产党员创业基地,江西省,赣州市,赣县区,江西省赣州市赣县区南塘镇459县道,-,-
洋塘工业园,江西省,赣州市,赣县区,赣州市赣县区茅店镇,-,48
稀金产业园,江西省,赣州市,赣县区,赣州市赣县区兴园大道与汇龙大道交叉口东150米,-,-
上欧工业园,江西省,赣州市,于都县,赣州市于都县齐民路与于都大道交叉口西侧,1349,328
华鼎科技产业园,江西省,赣州市,于都县,赣州市于都县宝矿路1号,182,9
榕泉控股.中民筑友建筑科技产业园基地(建设中),江西省,赣州市,于都县,赣州市于都县罗坳镇纬三路1号,100,-
江西脉动智能制造时尚产业园,江西省,赣州市,于都县,赣州市于都县龙门路,77,71
天键电子产业园,江西省,赣州市,于都县,赣州市于都县宝矿路与齐民路交叉路口西北侧,66,-
玛尚进口赣州综合保税区,江西省,赣州市,于都县,古田中路与站前南路交叉口西南80米,-,9
江西供销(于都)冷链物流园(建设中),江西省,赣州市,于都县,于都东高速路出口西侧梓山镇河坑村新323国道旁,-,2
脉动电商孵化园,江西省,赣州市,于都县,赣州市于都县楂林工业园龙门路于都血浆站旁边,-,25
于都县禾丰现代农业产业园,江西省,赣州市,于都县,赣州市于都县禾丰镇高速公路路口,-,-
江西翡俪文德时尚产业园,江西省,赣州市,于都县,光启路与天工路交叉口西南100米,-,-
于都县梓山万亩富硒蔬菜产业园(北区),江西省,赣州市,于都县,323国道北侧,-,-
江西和乐园生态农业科技示范园,江西省,赣州市,于都县,赣州市于都县银坑镇洋河桥中国石化东南120米,-,-
楂林工业园(江西于都工业园区),江西省,赣州市,于都县,江西省赣州市于都县于都工业园江西于都工业园区,-,10
龙南经济技术开发区全南园区,江西省,赣州市,全南县,赣州市全南县金龙大道与金源一路交叉路口往西约100米,1896,438
种苗培育科技园,江西省,赣州市,全南县,江禾田园综合体西北侧270米,547,1
全南县第一工业区,江西省,赣州市,全南县,第一工业区东风村,360,18
全南县电子信息产业园,江西省,赣州市,全南县,晶阳路与晶晖路交叉口东220米,140,14
松岩工业园,江西省,赣州市,全南县,赣州市全南县326省道东50米,131,4
全南返乡创业基地二期(建设中),江西省,赣州市,全南县,工业大道与松山路交叉口西100米,119,1
产学研用园区(全南县工业园标准厂房二期),江西省,赣州市,全南县,海诺路与松山路交叉口东480米,109,7
全南创新创业(电商)园,江西省,赣州市,全南县,赣州市全南县骏宏路第三工业园,55,29
韩姿工业园,江西省,赣州市,全南县,赣州市全南县杰友西路与杰友路交叉口西150米,43,2
全南县大健康产业园,江西省,赣州市,全南县,桃江源大道(九连山国家森林公园北侧约260米),-,-
粤港澳大湾区农副产品直供产业园(建设中),江西省,赣州市,全南县,桃江源大道与龙小线交叉口西南420米,-,-
江西供销(全南)冷链物流园(建设中),江西省,赣州市,全南县,桃江源大道与龙小线交叉口西南340米,-,-
江西高峰科技园,江西省,赣州市,全南县,赣州市全南县419县道西50米,-,-
寻乌石排工业园,江西省,赣州市,寻乌县,赣州市寻乌县北大道,439,99
广寻现代物流园,江西省,赣州市,寻乌县,赣州市寻乌县文峰乡,150,30
金峰电商产业园,江西省,赣州市,寻乌县,236国道东侧,11,-
广寻商汇返乡创业创新园,江西省,赣州市,寻乌县,236国道与创业路交叉口南440米,1,-
寻乌循环经济产业园,江西省,赣州市,寻乌县,206国道与774乡道和平路西北300米,-,-
寻乌民营创业园,江西省,赣州市,寻乌县,创业路南侧,-,43
江西箭冠汽配产业园,江西省,赣州市,寻乌县,江西省赣州市寻乌县长宁镇,-,-
寻乌县黄蜡石创业孵化基地,江西省,赣州市,寻乌县,赣州市寻乌县滨河西路左岸香桂西侧约180米,-,14
寻乌产业孵化示范基地,江西省,赣州市,寻乌县,长宁镇中山路118号(教育局楼下),-,39
寻乌县大同陂下樱花谷科技生态示范园,江西省,赣州市,寻乌县,赣州市寻乌县401县道南50米,-,-
大余县有色金属新材料精深加工产业园,江西省,赣州市,大余县,赣州市大余县伯坚大道与龙兴路交叉路口往东南约50米,2559,67
新世纪工业城(新世纪工业园),江西省,赣州市,大余县,赣州市大余县南安镇,252,101
赣粤·物流生态小镇,江西省,赣州市,大余县,323国道宏安驾校正对面,79,-
余商创业园,江西省,赣州市,大余县,赣州市大余县工业一路,18,3
瑟穆拉健康产业园,江西省,赣州市,大余县,赣州市大余县新城工业园工业一路,10,-
大余轮毂产业园,江西省,赣州市,大余县,新城镇赣粤汽配的工业园工业三路南,-,-
科比特航空科技园,江西省,赣州市,大余县,赣州市大余县169乡道与323国道交叉口,-,-
定南工业园,江西省,赣州市,定南县,赣州市定南县定南县工业园,184,19
明高科技园,江西省,赣州市,定南县,赣州市定南县产业三路与产业四路交叉口北50米,81,2
工业园区富工三路返乡创业示范基地,江西省,赣州市,定南县,富田大道与产业二路交叉口南100米,11,-
富田工业园,江西省,赣州市,定南县,赣州市定南县定南县工业园,11,111
定南公路港,江西省,赣州市,定南县,赣州市定南县S327(东江源大道),-,1
大唐盛视(定南)智慧健康产业园,江西省,赣州市,定南县,赣州市定南县新时代大道,-,-
定南县高端音频产业园,江西省,赣州市,定南县,赣州市定南县富田工业区产业一路,-,-
石城县工业园,江西省,赣州市,石城县,赣州市石城县工业大道与金丰大道交叉口东100米,1047,548
石城县小微企业创业园,江西省,赣州市,石城县,琴江镇古樟工业园里面,74,-
三晟鞋服产业园,江西省,赣州市,石城县,江西省赣州市石城县琴江镇,-,-
石城雍和文园,江西省,赣州市,石城县,赣州市石城县赣江源南大道660号,-,3
江西省绿色食品(白莲)产业基地,江西省,赣州市,石城县,赣州市石城县206国道东50米,-,-
石城颐高电子商务产业园,江西省,赣州市,石城县,赣州市石城县城北大道与赣江源大道交汇处,-,8
乐丰科技园,江西省,赣州市,上犹县,赣州市上犹县黄埠工业园,62,1
上犹工业园(黄埠工业园),江西省,赣州市,上犹县,赣州市上犹县北区经一路与324省道交叉口南50米,50,110
中国·上犹光电科技产业园,江西省,赣州市,上犹县,赣州市上犹县金山大道与上丰路交叉口西约100米,45,-
上犹电子商务创业孵化园,江西省,赣州市,上犹县,赣州市上犹县水南大道221号附近,-,22
上犹县丽美生态产业园东区,江西省,赣州市,上犹县,赣州市上犹县水岩乡太乙村山下一组,-,-
江西省氟盐化工产业基地,江西省,赣州市,会昌县,赣州市会昌县筠门岭镇九二工业园九二大道1号,2132,35
台商创业基地,江西省,赣州市,会昌县,206国道与创业路交叉口东南260米,115,41
会昌县电子商务孵化中心,江西省,赣州市,会昌县,赣州市会昌县麻州工业园,-,-
阳光国际汽车城,江西省,赣州市,会昌县,赣州市会昌县文武坝镇环城南路(师公岩路口),-,35
会昌县燕子窝工业园,江西省,赣州市,会昌县,赣州市会昌县九二大道与黄上段交叉口东100米,-,7
宁都县童装智造产业园2期,江西省,赣州市,宁都县,田头路,217,216
宁都县童装智造产业园,江西省,赣州市,宁都县,竹笮乡魏屋排,205,24
宁都县工业园(宁都水东工业园),江西省,赣州市,宁都县,赣州市宁都县翠岗路与阳都西路交叉口西北100米,37,106
星布斯科技园,江西省,赣州市,宁都县,赣州市宁都县翠岗路与易堂路交叉路口往北约150米,31,-
亿豪创业园,江西省,赣州市,宁都县,莲花北路与易堂路交叉口北20米,6,-
安远县电商产业园,江西省,赣州市,安远县,赣州市安远县欣山镇223省道,153,86
得辉达科技园,江西省,赣州市,安远县,赣州市安远县三百山大道与火焰山路交叉路口往东约110米,142,4
安远孔田电商文化创业园,江西省,赣州市,安远县,G238与魏村健走步道交叉路口往东北约60米,142,-
安远县电子信息产业园,江西省,赣州市,安远县,赣州市安远县发达路与兴旺路交叉路口往东北约180米,119,52
版石工业园,江西省,赣州市,安远县,赣州市安远县版石镇,41,67
过埠工业园,江西省,赣州市,崇义县,赣州市崇义县过埠镇,155,-
英熊科普园,江西省,赣州市,崇义县,横水镇左溪村猪肚子,-,-
崇义电子商务创业孵化园,江西省,赣州市,崇义县,赣州市崇义县横水镇牛角河环城路,-,6
九江出口加工区,江西省,九江市,濂溪区,九江市濂溪区综合工业园,1270,34
九江天禧国际商业中心,江西省,九江市,濂溪区,浔南大道8号,369,6705
中船九江国防电子信息装备产业园,江西省,九江市,濂溪区,九江市濂溪区长江大道与安平路交叉口东南约20米,245,18
九江经济开发区汽车工业园电子产业园,江西省,九江市,濂溪区,九江市濂溪区电子产业园配套2号,192,214
九江鼎豪建筑材料加工园,江西省,九江市,濂溪区,九江市濂溪区前进东路781号,183,8
顺信物流园,江西省,九江市,濂溪区,九江市濂溪区南山路388号,125,109
万利通(九江)电镀集控园区,江西省,九江市,濂溪区,九江市濂溪区沙河街镇九江出口加工区区外三宝路,117,15
九江数字经济产业园,江西省,九江市,濂溪区,科技二路与生态一路交叉口西北180米,98,1003
刘家塘创业基地,江西省,九江市,濂溪区,九江市濂溪区濂溪区九园路7号,67,2
己瑞科技园,江西省,九江市,濂溪区,九江市濂溪区安顺路8号,45,33
九江颐高电子商务产业园,江西省,九江市,濂溪区,九江市濂溪区濂溪大道77号,45,159
万佳科技园,江西省,九江市,濂溪区,九江市濂溪区长江大道与九园路交叉口东南方向90米,43,33
九江市濂溪区新港镇产业孵化园,江西省,九江市,濂溪区,纬零路与连接路交叉口东400米,39,9
九江经济技术开发区,江西省,九江市,濂溪区,九江市濂溪区九瑞大道,35,50
大学生创新创业孵化基地,江西省,九江市,濂溪区,九江市濂溪区十里大道890号附近,2,1
九江海淘跨境电子商务产业园,江西省,九江市,濂溪区,九江经济技术开发区汽车工业园电子产业园9号,-,-
中国(九江)跨境电子商务综合试验区,江西省,九江市,濂溪区,顺意路与安平路和平路西南180米,-,28
柴桑区经济开发区,江西省,九江市,濂溪区,锦绣大道,-,-
九江国家出口加工区(区外),江西省,九江市,濂溪区,九江市濂溪区柴桑区汇源路5号,-,4
城东港区,江西省,九江市,濂溪区,九江市濂溪区洪垅路与陶埠大道交叉口西约140米,-,13
碳孵青年创业(经开区)基地,江西省,九江市,濂溪区,九江市濂溪区九瑞大道242号亿达蓝湾1栋,-,61
九江市现代纺织工业基地,江西省,九江市,濂溪区,九江市濂溪区香积大道与白鹿大道交叉口东南约40米,-,-
京东城市长江经济带(九江)数字经济产业园,江西省,九江市,濂溪区,九江市濂溪区鄱阳湖生态科技城,-,34
金时众创空间,江西省,九江市,濂溪区,长虹西大道,-,5
濂溪区创业孵化基地,江西省,九江市,濂溪区,九江市濂溪区长江大道1649号,-,13
鄱阳湖生态科技城,江西省,九江市,濂溪区,九江市濂溪区濂溪大道与琴湖大道交汇处,-,34
九江学院大学生创业孵化园,江西省,九江市,濂溪区,九江市濂溪区山谷大道,-,162
九江市轻化集团小微企业创业园,江西省,九江市,濂溪区,九江市濂溪区X175与纵一路交叉口西南方向150米,-,19
九江市濂溪区生态工业城,江西省,九江市,濂溪区,木樨路与建设路交叉口南160米,-,-
京东智联云长江经济带(九江)数字经济产业园,江西省,九江市,濂溪区,九江市濂溪区鄱阳湖生态科技城2楼,-,-
九江跨境电子商务产业园,江西省,九江市,濂溪区,九江市濂溪区柴桑区锦绣大道,-,4
九江正捷电子产业园区,江西省,九江市,濂溪区,九江市濂溪区安平路与顺达路交叉路口往南约50米,-,-
九江学院大学科技园,江西省,九江市,濂溪区,九江市濂溪区前进东路551号九江学院内,-,162
绿冬智能制造产业园,江西省,九江市,濂溪区,九江市濂溪区汇源路与天池路交叉路口往南约150米,-,8
九动文化创意产业园,江西省,九江市,濂溪区,九江市濂溪区十里大道1889号,-,-
九江职业技术学院大学生科技园,江西省,九江市,濂溪区,九江市濂溪区十里大道886号,-,2
龙门食品工业区,江西省,九江市,濂溪区,九江市濂溪区九莲南路与041乡道交叉口西200米,-,-
九江姑塘化纤纺织循环经济产业园,江西省,九江市,濂溪区,九江市濂溪区020乡道东50米,-,-
濂溪区生态工业城,江西省,九江市,濂溪区,九江市濂溪区莲花镇,-,80
联盛大市场电商产业园,江西省,九江市,濂溪区,九江市濂溪区规划二路888号,-,-
赤湖工业园,江西省,九江市,柴桑区,九江市柴桑区长坪大道与055乡道交叉口西100米,2574,99
华林特钢集团模具钢产业园,江西省,九江市,柴桑区,兴业大道西北侧,955,1
九江综合保税区,江西省,九江市,柴桑区,修水路与港城大道交叉口东北180米,862,92
九江赤湖智能家具产业园,江西省,九江市,柴桑区,通江东路,627,26
博莱食品产业园,江西省,九江市,柴桑区,九江市柴桑区柴桑区S212,540,5
九江昌河汽车新能源基地,江西省,九江市,柴桑区,九江市柴桑区永安乡九江市经济技术开发区港兴路,532,-
城西港港兴路中部LED产业园,江西省,九江市,柴桑区,港兴路与港城大道交叉口南480米,514,2
九江西港智慧产业园,江西省,九江市,柴桑区,九江市柴桑区柴桑区柴桑区S304(九瑞大道),489,337
瑞智科技产业园,江西省,九江市,柴桑区,九江市柴桑区九江市开发区城西港区春江路15号,476,2
九江新兴产业双创示范基地,江西省,九江市,柴桑区,九江市柴桑区柴桑区港兴路,439,55
中船海洋装备产业园,江西省,九江市,柴桑区,九江市柴桑区石牛路30号,261,3
九江光电产业园,江西省,九江市,柴桑区,港兴路南50米,168,27
乐途科技园,江西省,九江市,柴桑区,九江市柴桑区官湖路,167,11
国科集团九江科研生产基地,江西省,九江市,柴桑区,官湖路29号,138,2
柴桑科创园·数谷,江西省,九江市,柴桑区,富阳路,112,98
凡达科技园,江西省,九江市,柴桑区,九江市柴桑区通江西路,91,-
柴桑区科创园,江西省,九江市,柴桑区,九江市柴桑区港湖大道与０５５乡道交叉口西北约60米,79,-
九江宝顺电商快递产业园,江西省,九江市,柴桑区,老港兴路33号,72,5
慧明科技园,江西省,九江市,柴桑区,九江市柴桑区兴业路6号,64,3
九江恒通电子产业园,江西省,九江市,柴桑区,九江市柴桑区柴桑区开发区城西港兴路18路,56,1
飞存产业园,江西省,九江市,柴桑区,爱国路,56,-
本兴科技园,江西省,九江市,柴桑区,九江市柴桑区港城大道29号,46,2
灏谷科技(柴桑)智能制造科技园,江西省,九江市,柴桑区,九江市柴桑区庐山北路138号,34,15
柴桑区赤湖工业园(管理局),江西省,九江市,柴桑区,兴业大道与长兴路交叉口东北60米,22,383
九江创新科技产业园,江西省,九江市,柴桑区,九江市柴桑区柴桑区沙城工业园富阳大道,19,-
九江八里湖数字经济产业园(建设中),江西省,九江市,柴桑区,八里湖大道与青荷路交叉处,-,-
一帆数科产业园,江西省,九江市,柴桑区,庐山北路数字街终极幻境3楼,-,1
沙河开发区,江西省,九江市,柴桑区,庐山北路与悠然路中山北路东北120米,-,23
九江联东U谷,江西省,九江市,柴桑区,九江市柴桑区九瑞大道与石牛路交汇处,-,-
柴桑数字经济产业园,江西省,九江市,柴桑区,九江市柴桑区泉塘小区C(柴桑路)10/1112号二楼,-,8
九江港口岸城西港区,江西省,九江市,柴桑区,九江市柴桑区柴桑区滨港路,-,-
沙河经济技术开发区青年创业基地,江西省,九江市,柴桑区,沙河经济技术开发区,-,-
长江科技孵化园,江西省,九江市,柴桑区,九江市柴桑区兴业大道,-,-
国家级九江出口加工区,江西省,九江市,柴桑区,九江市濂溪区濂溪区汇源路5号,-,3
沙城工业园,江西省,九江市,柴桑区,九江市柴桑区柴桑区庐山东路10号,-,328
默森环境产业园,江西省,九江市,柴桑区,九江市柴桑区官湖路18号正北方向110米,-,4
华中国际木业产业园1区,江西省,九江市,瑞昌市,九江市瑞昌市码头镇沿江大道与瑞码大道交叉口东北方向1500米路北,564,-
中部红木产业园,江西省,九江市,瑞昌市,禾木坊家具有限公司北侧90米,348,6
中国九江国际商贸城,江西省,九江市,瑞昌市,市场南路与世纪大道交叉口西南100米,343,56
中林大家居智能体验馆,江西省,九江市,瑞昌市,九江市瑞昌市瑞码大道,276,-
智造小镇赤乌园,江西省,九江市,瑞昌市,九江市瑞昌市天华路,259,33
智造小镇·祥瑞园,江西省,九江市,瑞昌市,天华路与铜城路交叉口西南240米,244,89
瑞昌市科技园·示范园,江西省,九江市,瑞昌市,赤乌东路与东环路交叉口东北100米,207,37
智造小镇·东关园,江西省,九江市,瑞昌市,九江市瑞昌市瑞码大道,176,27
林安综合商贸园,江西省,九江市,瑞昌市,九江市瑞昌市世纪大道,160,11
林安物流园,江西省,九江市,瑞昌市,九江市瑞昌市932乡道与G56杭瑞高速交叉口东北150米,156,118
华友创业园,江西省,九江市,瑞昌市,九江市瑞昌市赛湖农场,129,19
华中国际木业产业园,江西省,九江市,瑞昌市,九江市瑞昌市市南路,64,85
瑞昌市科技园,江西省,九江市,瑞昌市,九江市瑞昌市赤乌大道东侧,54,10
易通智能园,江西省,九江市,瑞昌市,九江市瑞昌市杨林湖大街与东环路交叉口西约160米,51,-
瑞昌市科技园·创业园,江西省,九江市,瑞昌市,东环路2号,36,13
瑞昌市科技园·乐业园,江西省,九江市,瑞昌市,东环路与赤乌东路交叉口西南180米,24,1
瑞昌市码头工业城,江西省,九江市,瑞昌市,瑞昌市码头镇镇南路华中二区北门东侧,-,114
瑞昌市小企业创业基地,江西省,九江市,瑞昌市,九江市瑞昌市立肇线与瑞南线交叉路口往西北约110米,-,-
香港绿心集团家具产业园,江西省,九江市,瑞昌市,沿江大道附近,-,-
华洵物流园,江西省,九江市,瑞昌市,南环路与西环南路交叉口西北40米,-,14
鑫丰配套产业园,江西省,九江市,瑞昌市,九江市瑞昌市九界线,-,-
中国林业集团木业家具产业园,江西省,九江市,瑞昌市,九江市瑞昌市镇南路,-,-
大德山江机创业小区,江西省,九江市,瑞昌市,九江市瑞昌市江州西路6214号附近,-,-
喜得龙工业园,江西省,九江市,瑞昌市,九江市瑞昌市黄金大道西100米,-,-
瑞昌市黄金工业园,江西省,九江市,瑞昌市,九江市瑞昌市东环路附近,-,55
林安国际商贸物流产业园,江西省,九江市,瑞昌市,九江市瑞昌市南环路168号附近,-,3
温州返乡创业园,江西省,九江市,修水县,九江市修水县莲塘大道18号,109,131
四都镇创业园,江西省,九江市,修水县,九江市修水县304省道东50米,92,2
昕豪科技园,江西省,九江市,修水县,九江市修水县宁州镇何家店加油站对面,66,1
修水县高新技术产业孵化园,江西省,九江市,修水县,创业大道10号,58,24
九江博顿科技园,江西省,九江市,修水县,何家店路东南30米,35,1
义乌工艺饰品产业园,江西省,九江市,修水县,九江市修水县宁州镇工业大道,21,13
吴都工业园,江西省,九江市,修水县,吴都大道与前进路交叉口西北260米,-,13
金丝皇菊修水何家店工业园,江西省,九江市,修水县,241省道北300米路东,-,-
太阳村石栏陂产业园,江西省,九江市,修水县,布甲乡,-,-
修水县机械制造返乡创业园,江西省,九江市,修水县,吴都大道与前行路交叉口西北140米,-,13
芬尼皮雕硬包软包生产基地,江西省,九江市,修水县,九江市修水县工业大道67号附近,-,1
修水县创业孵化基地,江西省,九江市,修水县,九江市修水县汪坑路,-,18
修水电商创业园,江西省,九江市,修水县,九江市修水县良塘芦良大道西(良塘宾馆侧),-,1
九江国家农业科技园区,江西省,九江市,修水县,宁红大道与下路源路交叉口西南240米,-,3
修水县工业园电商中心,江西省,九江市,修水县,宁州镇工业大道,-,18
余氏科技园,江西省,九江市,修水县,九江市修水县芦良大道169号,-,-
吴都公寓,江西省,九江市,修水县,九江市修水县宁州镇吴都大道20号,-,3
修水蚕桑生态科技园,江西省,九江市,修水县,九江市修水县莲塘大道东50米,-,3
修水茶叶生态科技园,江西省,九江市,修水县,九江市修水县宁红大道延伸线37号,-,3
三都工业园,江西省,九江市,修水县,九江市修水县三都镇S306,-,3
修水县五金家具产业园,江西省,九江市,修水县,九江市修水县太阳升镇黎明南路,-,63
天德重工产业园,江西省,九江市,修水县,九江市修水县宁州镇306省道,-,1
江西雪人服装产业园,江西省,九江市,修水县,九江市修水县工业大道,-,18
永修云山经开区,江西省,九江市,永修县,九江市永修县永昌大道,4414,127
城南工业园(永修县云山经济开发区),江西省,九江市,永修县,新祺周九路与新城南大道中山北路西北120米,1352,21
马口产业园,江西省,九江市,永修县,马口工业园(子勒路北300米),942,39
福鑫产业园,江西省,九江市,永修县,九江市永修县云山企业集团星云大道,315,1
江西(赣江新区)永昊创业园,江西省,九江市,永修县,永昌大道附近,312,-
春光产业园,江西省,九江市,永修县,九江市永修县云山经济技术开发区春光大道,269,5
中车产业园,江西省,九江市,永修县,马口产业园,182,2
亮朵数字经济产业园(建设中),江西省,九江市,永修县,九江市永修县熊家山马口产业规划一路东侧,108,-
银河工业园,江西省,九江市,永修县,九江市永修县永昌大道19号,108,1
垒旺·六合城,江西省,九江市,永修县,九江市永修县云山经济技术开发区永昌大道城南工业区,85,226
江西星火电子商务产业园(火电商产业园),江西省,九江市,永修县,九江市永修县春光大道,76,61
恩派尔创意园,江西省,九江市,永修县,九江市永修县永昌大道,68,-
昌友产业园,江西省,九江市,永修县,福兰线,62,1
中饮后勤装备(江西)产业基地,江西省,九江市,永修县,九江市永修县马口产业园,50,-
大鹏商用厨具产业园,江西省,九江市,永修县,九江市永修县永昌大道10号,37,-
永修县九合创业园,江西省,九江市,永修县,九江市永修县云山经济开发区永昌大道11号,30,-
总部经济产业园,江西省,九江市,永修县,星火路,-,4
江西永修云山经济开发区,江西省,九江市,永修县,艾城连接线与希望大道交叉口东北60米,-,-
有机硅科创园,江西省,九江市,永修县,九江市永修县云山企业集团星云大道21号,-,-
永修新经济孵化器,江西省,九江市,永修县,九江市永修县城南工业园永昌大道垒旺六合城A1栋1-2层,-,187
九江开发区科技园,江西省,九江市,永修县,九江市永修县星云大道京科路路口,-,-
恒盛科技园,江西省,九江市,浔阳区,九江市浔阳区长城路121号,147,2119
九江津晶城高新科技孵化园,江西省,九江市,浔阳区,九江市浔阳区滨江东路三号工业园,74,112
钰坤物流园,江西省,九江市,浔阳区,九江市浔阳区滨江东路姬公庵5路公交站旁,27,1
792创意园,江西省,九江市,浔阳区,九江市浔阳区滨江路68号,1,136
九江市就创中心,江西省,九江市,浔阳区,庐山北路与湓浦路中山北路南20米,-,27
熙泽5G共享科创城,江西省,九江市,浔阳区,九江市浔阳区新湖中路与新湖支路交叉口东南约40米,-,7
千艺267文创园,江西省,九江市,浔阳区,九江市浔阳区九瑞大道75号,-,14
九江市社会组织创新创业基地,江西省,九江市,浔阳区,九江市浔阳区十里大道173号附近,-,44
九江市小微企业创业园,江西省,九江市,浔阳区,九江市浔阳区滨江路68号附近,-,222
九江市小微型企业创业园,江西省,九江市,浔阳区,九江市浔阳区时家垅路(九江津晶城高新科技孵化园),-,2
九江万其创新创业园,江西省,九江市,浔阳区,九江市浔阳区经济开发区九瑞大道85号(原九江职大中专部),-,11
九江进口商品(肉类)产业园,江西省,九江市,浔阳区,九江市浔阳区滨江东路与琴湖大道交叉路口往西约150米,-,7
九江市方其创新创业产业园,江西省,九江市,浔阳区,江西省九江市浔阳区向阳街道九瑞大道87号,-,11
浔阳区工业园,江西省,九江市,浔阳区,九江市浔阳区琴湖大道与滨江东路交叉路口往西北约50米,-,16
猪八戒九江园区,江西省,九江市,浔阳区,九江市浔阳区长虹北支路17号,-,526
长东物流园,江西省,九江市,浔阳区,九江市浔阳区滨江东路186-15号工业园,-,5
新雪域物流园,江西省,九江市,浔阳区,九江市浔阳区滨江东路99号,-,7
279创意园,江西省,九江市,浔阳区,九江市浔阳区滨江路68号,-,222
江西省小微企业创业园,江西省,九江市,浔阳区,九江市浔阳区长城路2栋附近,-,1407
城东工业园,江西省,九江市,浔阳区,九江市浔阳区琴湖大道,-,1
银砂湾工业区,江西省,九江市,湖口县,九江市湖口县柘矶路,7043,8
天赐新材料循环产业园,江西省,九江市,湖口县,九江市湖口县发展大道北50米,1093,2
江西省锂电材料产业基地,江西省,九江市,湖口县,向阳路8号,618,-
湖口高新技术产业园区,江西省,九江市,湖口县,九江市湖口县金砂南大道66号,398,548
流泗镇循环经济产业园区,江西省,九江市,湖口县,九江市湖口县流泗镇高速公路连接线旁,277,92
奥基德信科技产业园,江西省,九江市,湖口县,九江市湖口县牛九线,131,-
铭铉医疗净化产业园,江西省,九江市,湖口县,海山三支路2号,67,-
流泗镇现代农业产业园,江西省,九江市,湖口县,流泗镇红星村,-,-
江西湖口高新技术产业园区(流泗银砂湾园区),江西省,九江市,湖口县,流泗镇银砂湾大道,-,-
湖口武山农产品加工园区,江西省,九江市,湖口县,351国道西侧,-,-
流芳豆文化产业园,江西省,九江市,湖口县,九江市湖口县流春公路,-,-
湖口发光字生产基地,江西省,九江市,湖口县,九江市湖口县G351与景湖路交叉口西南方向110米,-,-
全城电商赣北(湖口)基地,江西省,九江市,湖口县,九江市湖口县G530与学苑路交叉口东南方向50米,-,19
湖口海山科技创新试验区,江西省,九江市,湖口县,九江市湖口县金砂南大道与海山二支路交叉口西北约160米,-,-
湖口县付垅乡农业产业园,江西省,九江市,湖口县,九江市湖口县付垅乡徐凤村王连树弯,-,-
南京工业大学安元科技产业园,江西省,九江市,湖口县,九江市湖口县金砂南大道与海山二支路交叉路口北侧,-,2
湖口新动能产业园,江西省,九江市,湖口县,九江市湖口县金砂南大道,-,18
九江安全产业园,江西省,九江市,湖口县,九江市湖口县高新技术产业园区科创综合体8号,-,-
湖口县大健康产业转化基地,江西省,九江市,湖口县,九江市湖口县轻工一路与金砂南大道交叉口东50米,-,-
湖口金砂湾工业城,江西省,九江市,湖口县,九江市湖口县双钟镇牛湖路,-,3
华美节能科技有限公司橡塑工业园,江西省,九江市,彭泽县,定山镇华美节能科技有限公司橡塑工业园,451,-
登喜鸟创业集团产业园,江西省,九江市,彭泽县,九江市彭泽县垅太路1号,159,3
彭泽小微创业园,江西省,九江市,彭泽县,209省道与815乡道交叉口东300米,156,41
彭湖湾科创园,江西省,九江市,彭泽县,澎湖湾科创园12栋,146,10
彭泽特色水产高科技产业园,江西省,九江市,彭泽县,高速公路连接线与830乡道交叉口东南340米,145,-
彭泽县现代农业加工区,江西省,九江市,彭泽县,高速公路连接线与S20彭湖高速入口交叉口北260米,102,-
臻创科技园,江西省,九江市,彭泽县,培罗成大道与双峰大道交叉口南320米,44,27
矶山工业园,江西省,九江市,彭泽县,九江市彭泽县S301(牛九线),16,-
江西梅花鹿文化科技生态示范园,江西省,九江市,彭泽县,东升镇桃红岭,-,-
彭泽县国家级现代农业产业园,江西省,九江市,彭泽县,太泊湖开发区,-,-
彭湖湾工业园,江西省,九江市,彭泽县,九江市彭泽县沿江公路与垅太路交汇处,-,22
彭泽县工业园区钓鱼台精密制造产业园,江西省,九江市,彭泽县,培罗成大道南,-,6
彭泽县电商创业基地,江西省,九江市,彭泽县,九江市彭泽县塔桥路299号附近,-,9
定山回乡创业园,江西省,九江市,彭泽县,九江市彭泽县倚方路与811乡道交叉口东50米,-,6
彭泽县综合工业园,江西省,九江市,彭泽县,牛九线与825乡道交叉口东北40米,-,60
彭泽县科技园,江西省,九江市,彭泽县,301省道北50米,-,28
凯瑞生态农业示范园,江西省,九江市,彭泽县,江西省九江市彭泽县马垱镇,-,-
彭泽县生态工业区,江西省,九江市,彭泽县,九江市彭泽县301省道北50米,-,28
江西赣能生态科技园,江西省,九江市,彭泽县,九江市彭泽县301省道西100米彭泽县马当油料专业合作社附近,-,-
共青城智能制造产业园,江西省,九江市,共青城市,九江市共青城市科技二大道88号,926,11
共青城高新制造产业园,江西省,九江市,共青城市,高新四路与工业大道交叉口东320米,309,21
共青城市电子信息产业园,江西省,九江市,共青城市,火炬一路与产业二大道交叉口西60米,246,1
清大文创产业园(清大科技企业孵化器),江西省,九江市,共青城市,九江市共青城市共青城市科技一大道,212,5
苏家垱乡工业园,江西省,九江市,共青城市,九江市共青城市共青城市-新增公路与551乡道交叉口西100米,190,4
金酷产业园,江西省,九江市,共青城市,共安南大道辅路与青丰公路路口西北220米,133,1
青城市高新区电子科技园,江西省,九江市,共青城市,九江市共青城市甘露镇双塘村,84,39
共青城出口服装产业园,江西省,九江市,共青城市,九江市共青城市九仙大道西侧与发展大道南侧健走步道共青科技职业学院东南侧约260米,68,161
垒旺电子信息产业园(垒旺·六合城),江西省,九江市,共青城市,九江市共青城市工业大道西南方向60米,66,2
九江市高层次人才产业园(共青城基金小镇),江西省,九江市,共青城市,富华南大道东南30米,60,4960
共青城市大学生创业孵化基地,江西省,九江市,共青城市,九江市共青城市共青城市科技一大道66号,-,509
共青城市数字经济产业园,江西省,九江市,共青城市,九江市共青城市市民服务中心4号楼,-,111
大学生698文化创意区,江西省,九江市,共青城市,九江市共青城市师德路与荷塘大道交叉路口往西南约50米,-,-
共青城全国青年创业基地,江西省,九江市,共青城市,九江市共青城市共青互通共青铁路工程技工学校西侧约230米,-,90
江西省青年科技创新孵化基地,江西省,九江市,共青城市,九江市共青城市共青大道330附近,-,29
天一达科技产业园,江西省,九江市,共青城市,九江市共青城市高新六路,-,-
灏谷科技（共青城）人工智能创新产业园,江西省,九江市,共青城市,九江市共青城市火炬二路,-,1
中青数媒移动互联网APP产业孵化园,江西省,九江市,共青城市,九江市共青城市环湖路,-,1
蔡岭工业集中区,江西省,九江市,都昌县,九江市都昌县景湖北路,1454,62
返乡创业园,江西省,九江市,都昌县,九江市都昌县新妙湖大道45号,18,63
大沙镇官山产业示范园,江西省,九江市,都昌县,大沙镇官山村,-,4
九江市一凡农旅产业园,江西省,九江市,都昌县,中馆镇西汤家垅,-,-
都昌数字经济创业园,江西省,九江市,都昌县,九江市都昌县都昌镇迎宾大道以南,-,59
博通科创园,江西省,九江市,都昌县,九江市都昌县芙蓉南路与向阳路交叉口西南约80米,-,14
都昌县蔡岭工业园,江西省,九江市,都昌县,蔡岭镇鹏程大道,-,77
温州产业园,江西省,九江市,都昌县,九江市都昌县新妙湖大道,-,30
都昌个人护理电器产业园,江西省,九江市,都昌县,九江市都昌县芙蓉山大道西路6号,-,2
永强服饰产业园,江西省,九江市,都昌县,都昌县工业园区新妙湖大道186号,-,16
都昌县新经济产业园,江西省,九江市,都昌县,江西省九江市都昌县汪墩乡,-,-
都昌县万宜电子商务产业园,江西省,九江市,都昌县,九江市都昌县蔡都公路,-,59
省级经济技术开发区省级民营科技园,江西省,九江市,都昌县,九江市都昌县惠民路与新妙湖大道交叉口西北50米,-,101
都昌工业园区,江西省,九江市,都昌县,九江市都昌县蔡岭镇景湖路东南方向50米,-,20
芙蓉山工业园,江西省,九江市,都昌县,九江市都昌县金昌东路11号,-,205
都昌县工业区,江西省,九江市,都昌县,九江市都昌县新妙湖大道18号,-,1668
江西武宁工业园区(武安大道),江西省,九江市,武宁县,武安大道,1831,44
中城新动能科技园,江西省,九江市,武宁县,九江市武宁县武安大道,177,-
中城产业园标准厂房3期(建设中),江西省,九江市,武宁县,江西东泓科技有限公司东侧160米,113,-
创客空间,江西省,九江市,武宁县,万福经济技术开发区管委会创客空间,66,-
武宁县中小企业孵化中心(同拓产业园),江西省,九江市,武宁县,九江市武宁县桐林大道与桐林一路交叉路口往西约50米,54,7
武宁县文旅数字经济产业园区,江西省,九江市,武宁县,武宁明珠中心,-,-
数字经济产业园,江西省,九江市,武宁县,坪上巨通小区南邻,-,380
江西泰盛国际智能家居产业园,江西省,九江市,武宁县,桐林大道1号,-,-
江西省现代服务业集聚区,江西省,九江市,武宁县,九岭大道与富安路交叉口东220米,-,15
万福经济技术开发区,江西省,九江市,武宁县,万福大道与杰浩路交叉口东北100米,-,-
嘉典集团市级创业孵化基地,江西省,九江市,武宁县,九江市武宁县S306(九岭大道),-,17
武宁县乡村大学生创新创业协会农业产业孵化园,江西省,九江市,武宁县,江西省九江市武宁县豫宁街道,-,5
武宁县电商新动能产业园,江西省,九江市,武宁县,九江市武宁县豫宁大道34号,-,16
江西武宁工业园区,江西省,九江市,武宁县,九江市武宁县协和大道68号附近,-,1
南市工业园,江西省,九江市,武宁县,九江市武宁县兴园路与杰浩路交叉路口北侧,-,4
千磁科技大众创业园,江西省,九江市,德安县,九江市德安县园艺场105国道旁,225,-
镁淇纺织服装产业园,江西省,九江市,德安县,九江市德安县科技一大道,153,-
德安陆路物流港,江西省,九江市,德安县,九江市德安县宝塔乡渊明大道南150米,136,393
江西水土保持生态科技园,江西省,九江市,德安县,九江市德安县德安大道西150米,88,-
德安县创业实训基地,江西省,九江市,德安县,九江市德安县德安大道与504乡道交叉口东南200米,40,5
德安县坤益科技创业园,江西省,九江市,德安县,九江市共青城市金纺路附近,39,4
德安县河东乡后田回乡创业园,江西省,九江市,德安县,九江市德安县105国道北50米,-,-
蓝调沙龙B区,江西省,九江市,德安县,九江市德安县南门路9号附近,-,5
德安县工业园,江西省,九江市,德安县,九江市德安县牌楼村正南方向200米,-,434
盛世创业光电产业园,江西省,九江市,德安县,德安县工业园宝塔园区西区燕沟河路6号,-,-
江西德安高新技术产业园区,江西省,九江市,德安县,九江市德安县德安大道工业园区,-,19
庐山市鄱湖高新科技项目区,江西省,九江市,庐山市,九江市庐山市上港阳,2533,192
庐山工业园区金鹿科技园,江西省,九江市,庐山市,九江市庐山市南康镇星子县工业园,102,12
楠盛红星羽绒产业园,江西省,九江市,庐山市,庐山市楠盛红星羽绒产业园,-,-
庐康中药谷产业园,江西省,九江市,庐山市,江西省九江市庐山市华林镇庐康中药谷产业园,-,1
庐山市农产品电商孵化中心,江西省,九江市,庐山市,九江市庐山市S212(环庐山公路),-,77
红星羽绒电商创业园,江西省,九江市,庐山市,横塘镇工业园,-,323
羽绒服电商创业园,江西省,九江市,庐山市,244县道南200米,-,1
庐山工业园,江西省,九江市,庐山市,九江市庐山市金鹿大道,-,4
井冈山经济技术开发区综合保税区,江西省,吉安市,吉安县,学园西路与嘉华大道交叉口西南60米,1826,117
吉安凤凰工业园,江西省,吉安市,吉安县,,1665,20
吉安县工业区,江西省,吉安市,吉安县,吉安高新技术产业园区内,529,56
泰伟江西产业园,江西省,吉安市,吉安县,吉安市吉安县建设大道与拓展大道交叉口东约100米,333,19
木林森高科技园,江西省,吉安市,吉安县,吉安市吉安县105国道东100米,301,54
吉安县工业园西区,江西省,吉安市,吉安县,朝阳路4正东方向190米,258,156
通讯终端产业城(合力泰工业园),江西省,吉安市,吉安县,井冈山经济开发区深圳大道,220,8
井冈山经开区管委会,江西省,吉安市,吉安县,深圳大道236号,155,63
吉安天泽工业园,江西省,吉安市,吉安县,,130,-
井冈山大学科技园,江西省,吉安市,吉安县,吉安市吉安县君山大道附近,130,40
吉安高新产业园,江西省,吉安市,吉安县,,127,131
新琪安(吉安)科技工业园,江西省,吉安市,吉安县,吉安市吉安县火炬大道与环岛北路交叉口西150米,127,-
六星工业园,江西省,吉安市,吉安县,吉安市吉安县创新大道与深圳大道交叉口西南150米,122,6
江西祥和物流园,江西省,吉安市,吉安县,吉安市吉安县吉安县农家饭店(747县道南),117,37
红米谷创新产业园示范基地,江西省,吉安市,吉安县,吉安市吉安县深圳大道273号,94,344
宏鑫工业园,江西省,吉安市,吉安县,宏鑫工业园区,86,-
江西省桑格尔产业园,江西省,吉安市,吉安县,吉安市吉安县深圳大道279号,83,2
江西欣吉富科技产业园,江西省,吉安市,吉安县,吉安市吉安县高新技术产业开发区凤凰区,81,-
中泰工业园(京九大道),江西省,吉安市,吉安县,吉安市吉安县京九大道269号,62,10
创业工业园(建设大道),江西省,吉安市,吉安县,吉安市吉安县井冈山经济技术开发区建设大道306号,61,112
永丰县生物医药产业园,江西省,吉安市,吉安县,君山大道152号,57,8
天益智网科技园,江西省,吉安市,吉安县,吉安市吉安县南山大道275号,56,1
蓝田伟光工业园,江西省,吉安市,吉安县,吉安市吉安县深圳大道282,52,2
红米谷大健康产业园,江西省,吉安市,吉安县,井冈山经济技术开发区君山大道152号,45,203
吉安航盛多媒体电子工业园,江西省,吉安市,吉安县,吉安市吉安县金山路6号,43,2
吉安高新技术产业园区,江西省,吉安市,吉安县,吉安市吉安县曙光路,39,48
长河工业园,江西省,吉安市,吉安县,吉安市吉安县凤凰工业园成达驾考隔壁,38,1
凤凰现代城,江西省,吉安市,吉安县,凤凰大道与吉安大道交叉口南160米,38,10
物联网产业园,江西省,吉安市,吉安县,吉安市吉安县深圳大道,35,56
鼎端科技园,江西省,吉安市,吉安县,大鹏大道与凤凰四路交叉口西南120米,32,-
金融产业园,江西省,吉安市,吉安县,吉安市吉安县君山大道,29,237
核工业·二六三大队吉安地质科技园,江西省,吉安市,吉安县,创新大道与深圳大道交叉口北100米,27,16
吉安国家高新技术产业开发区,江西省,吉安市,吉安县,吉安市吉安县凤凰大道与吉安大道交叉口东100米,18,15
吉安县青年创业孵化园,江西省,吉安市,吉安县,吉安市吉安县曙光路7号,18,40
优尔检测创新产业孵化园,江西省,吉安市,吉安县,高新技术服务业开发区电子信息产业园,-,-
梦创空间文创园,江西省,吉安市,吉安县,野火路与振兴路交叉口北100米,-,19
木林森产业园,江西省,吉安市,吉安县,吉安市吉安县南塘路,-,-
创业邻里中心,江西省,吉安市,吉安县,吉安市吉安县105国道北50米,-,2
江西圣亚物流园,江西省,吉安市,吉安县,吉安市吉安县物流大道(江西祥和物流园东南侧),-,-
鑫众农牧产业园,江西省,吉安市,吉安县,吉安县农家饭店(747县道南),-,1
天际光电产业园,江西省,吉安市,吉安县,吉安市吉安县G105与樟树塘路交叉口西南方向140米,-,39
运满满智慧园区,江西省,吉安市,吉安县,吉安市吉安县吉安县互通与物流大道交叉口东南100米,-,-
电商产业园,江西省,吉安市,吉安县,吉安市吉安县S314与物流大道交叉路口东南侧,-,1
井冈山出口加工区,江西省,吉安市,吉安县,吉安市吉安县南山大道与火炬大道交汇处,-,40
泰鑫台湾文化公园,江西省,吉安市,泰和县,嘉禾大道,344,330
优特丰工业园,江西省,吉安市,泰和县,西桥路与辉煌路交叉口西南300米,177,-
南方创新产业园,江西省,吉安市,泰和县,吉安市泰和县G105(京珠线),122,3
高新区触控显示产业园,江西省,吉安市,泰和县,泰和大道高新区触控显示产业园3栋,121,5
吉欧泰和科技园,江西省,吉安市,泰和县,吉安市泰和县泰和县工业园区县城内泰和工业园,113,1
泰和物流园,江西省,吉安市,泰和县,吉安市泰和县澄江镇319国道,80,20
江西泰和高新技术产业园区,江西省,吉安市,泰和县,吉安市泰和县井冈山大道附近,60,19
吉安泰和工业园,江西省,吉安市,泰和县,,57,14
泰和工业园创业区,江西省,吉安市,泰和县,吉安市泰和县双顺皮革有限公司附近,56,13
泰升工业园,江西省,吉安市,泰和县,泰垦西路与泰垦路交叉口南420米,36,4
裕源鑫智能产业园,江西省,吉安市,泰和县,吉安市泰和县泰和大道,33,2
文田工业区,江西省,吉安市,泰和县,吉安市泰和县石岭路1号,30,3
泰和电子智能终端产业园,江西省,吉安市,泰和县,吉安市泰和县泰和大道,20,1
全友科技园,江西省,吉安市,泰和县,吉安市泰和县江西双顺皮革有限公司附近,17,-
新博商·智慧谷,江西省,吉安市,泰和县,吉安市泰和县泰和县工业园区新博商,5,34
泰和孵化器,江西省,吉安市,泰和县,泰和大道西侧,-,12
新博商双创中心,江西省,吉安市,泰和县,江西省吉安市泰和县澄江镇,-,1
泰和县退役军人创业就业孵化中心,江西省,吉安市,泰和县,吉安市泰和县泰和大道东侧,-,12
泰和县高层次人才产业园,江西省,吉安市,泰和县,泰和大道西侧,-,12
泰和温岭产业园,江西省,吉安市,泰和县,吉安市泰和县站前北路,-,3
泰和县青年创新创业孵化基地,江西省,吉安市,泰和县,吉安市泰和县工农兵大道与经三路交叉口北200米,-,16
合力泰通用显示科技园,江西省,吉安市,泰和县,吉安市泰和县泰和工业园区泰和大道,-,17
江西生物谷食品科技工业园,江西省,吉安市,泰和县,吉安市泰和县井冈山大道附近,-,-
江西青之蘋科技产业园,江西省,吉安市,泰和县,吉安市泰和县泰垦路,-,1
中银富登村镇银行(白凤大道),江西省,吉安市,泰和县,吉安市泰和县澄江镇白凤大道3号,-,20
合力泰科技园,江西省,吉安市,泰和县,吉安市泰和县泰和县工业园区,-,-
万柱科技园,江西省,吉安市,泰和县,吉安市泰和县泰和县工业园区火车站站前路,-,3
泰和高新技术产业园,江西省,吉安市,泰和县,吉安市泰和县白凤大道261号,-,3
江西遂川工业园区,江西省,吉安市,遂川县,吉安市遂川县京珠线长盛小学南侧约230米,1124,37
遂川县工业区北区,江西省,吉安市,遂川县,吉安市遂川县创业大道38西北方向60米,753,118
吉安禾源石材工业园,江西省,吉安市,遂川县,,452,-
奥海科技园,江西省,吉安市,遂川县,泉江镇谐田村,310,1
吉安众光产业园,江西省,吉安市,遂川县,崛起大道,239,1
遂川鑫通联电子科技产业园,江西省,吉安市,遂川县,吉安市遂川县遂川县工业园区云岭,161,596
江西宝邦实业科技产业园,江西省,吉安市,遂川县,云岭工业集中区,119,26
江西志博信科技园,江西省,吉安市,遂川县,吉安市遂川县581乡道附近,52,-
通明科技园,江西省,吉安市,遂川县,吉安市遂川县雩云路,28,1
金海洋工业园,江西省,吉安市,遂川县,吉安市遂川县万有路4正西方向140米,12,-
龙星实业工业园,江西省,吉安市,遂川县,吉安市遂川县万有路4正西方向171米,8,2
枚江镇板鸭产业园,江西省,吉安市,遂川县,吉安市遂川县山里坑对面,-,1
江西省吉安市遂川县盛洋科技产业园(建设中),江西省,吉安市,遂川县,遂川县公安局交警大队园区中队东北侧290米,-,-
遂川县电子商务产业园,江西省,吉安市,遂川县,吉安市遂川县井冈山大道,-,46
遂川县工业区南区,江西省,吉安市,遂川县,雩田镇泉江工业区南区创业大道14号,-,1
砂子岭工业区,江西省,吉安市,遂川县,吉安市遂川县砂子岭狮山路,-,1
禾源石材工业园,江西省,吉安市,遂川县,吉安市遂川县弯里村附近,-,-
井冈山国家农业科技园,江西省,吉安市,吉州区,吉安市吉州区兴桥镇兴桥街61号,524,9
华耀科技产业园,江西省,吉安市,吉州区,金螺大道36号,191,6
吉安市吉州区机械装备产业园,江西省,吉安市,吉州区,吉安市吉州区君华大道,191,1
吉州区绿色食品产业园,江西省,吉安市,吉州区,兴桥镇绿色食品产业园,157,25
华通物流园,江西省,吉安市,吉州区,吉安市吉州区224省道附近,114,548
江西京鼎冷链物流产业园,江西省,吉安市,吉州区,兴隆路9号,107,-
吉州工业园1期,江西省,吉安市,吉州区,吉安市吉州区汗青路西150米,101,3
宏源科技园,江西省,吉安市,吉州区,吉安市吉州区工业园吉贤路(赣中物流旁),83,3
赣中快递电商物流园,江西省,吉安市,吉州区,长塘镇吉州工业园吉贤路,59,84
同为科技园,江西省,吉安市,吉州区,吉安市吉州区工业园小区3区,42,-
宏源PCB产业园,江西省,吉安市,吉州区,吉安市吉州区吉贤路与园区二路交叉口西约160米,-,-
江西吉州工业园,江西省,吉安市,吉州区,吉安市吉州区卧北段附近,-,31
江西数字物流产业园,江西省,吉安市,吉州区,吉安市吉州区吉庆路与图强路交叉口西北方向190米,-,1
吉安市林业科技示范园,江西省,吉安市,吉州区,吉安市吉州区林业科技示范园,-,-
吉安六星科技孵化园,江西省,吉安市,吉州区,吉安市吉州区君华大道,-,-
摩比科技产业园,江西省,吉安市,吉州区,吉安市吉州区工业园小区井冈山大道,-,4
飞信光电产业园,江西省,吉安市,吉州区,吉安市吉州区吉贤路东50米,-,-
中信华电子电路板工业城,江西省,吉安市,万安县,吉安市万安县万安县工业园831县道南50米,237,77
香港岩泉科技苑,江西省,吉安市,万安县,吉安市万安县创业大道11号,78,-
吉安河西工业区,江西省,吉安市,万安县,,66,31
联创宏声科技园,江西省,吉安市,万安县,五丰云州开发区鑫源二路,65,42
鸿西农业科技产业园,江西省,吉安市,万安县,万安县工业园二区桂罗段一江秋对面,62,-
澜浩鸿科技园,江西省,吉安市,万安县,第三工业区,50,1
索雅纳科技园,江西省,吉安市,万安县,吉安市万安县创业大道26号,47,5
创新创业园,江西省,吉安市,万安县,吉安市万安县鑫源一路26号,42,-
电子商务创业孵化园,江西省,吉安市,万安县,吉安市万安县五丰镇,20,172
中信华工业城,江西省,吉安市,万安县,万安县工业园831县道南50米,-,10
万安县村级集体经济产业园,江西省,吉安市,万安县,356国道与纵二路交叉口西280米,-,-
联创宏声科技园3区,江西省,吉安市,万安县,吉安市万安县鑫源二路1号,-,-
万安县电子信息产业园,江西省,吉安市,万安县,吉安市万安县X831(迎宾大道),-,6
万安县开发区,江西省,吉安市,万安县,吉安市万安县万安县工业园,-,1
城北工业区,江西省,吉安市,万安县,吉安市万安县万糖路东50米,-,1
万安县农业科技示范区,江西省,吉安市,万安县,吉安市万安县236省道东100米,-,1
万安生态水产科技园,江西省,吉安市,万安县,吉安市万安县824县道西50米,-,-
江西吉安河东经济开发区,江西省,吉安市,青原区,吉安市青原区文翔大道平湖小学北700米,1338,59
青原区新工业园,江西省,吉安市,青原区,吉安市青原区永安路,288,8
玛雅物流园,江西省,吉安市,青原区,科教路与庄塘路交叉口西北20米,274,3
富滩工业园A区,江西省,吉安市,青原区,吉安市青原区园区西路,246,14
吉安市梅林工业园区,江西省,吉安市,青原区,,221,1
青原区电子信息产业园,江西省,吉安市,青原区,吉安市青原区河东经济开发区,205,211
汽车文化产业园,江西省,吉安市,青原区,吉安市青原区青原大道以南物流汽贸中心8号地块,146,70
鼎超智造园,江西省,吉安市,青原区,吉安市青原区河东经济开发区河东大道14号,84,14
鼎超智造园青原区二期,江西省,吉安市,青原区,河东路,68,-
奥克文化创意园,江西省,吉安市,青原区,吉安市青原区学苑路27号奥克创意文化园,41,51
晶昶能(翊富新能源创新创业孵化基地),江西省,吉安市,青原区,腾飞路与东道交叉口西120米,-,-
知青文化创意园,江西省,吉安市,青原区,吉安市青原区G238与文博路交叉口西南方向170米,-,23
鑫昌现代商贸物流园,江西省,吉安市,青原区,吉安市青原区正气路16号南80米,-,18
富滩循环经济工业区,江西省,吉安市,青原区,吉安市青原区富杭路与七四四县道交叉口西100米正西方向70米,-,-
梅林工业园区,江西省,吉安市,青原区,吉安市青原区工业北路与嵩华路交叉口东南方向180米,-,-
吉安井大阳光城电商孵化产业园,江西省,吉安市,青原区,吉安市青原区丹青路与科教路交叉口西200米,-,382
永新县工业园区,江西省,吉安市,永新县,吉安市永新县卢湾大道与335省道交叉口南100米,657,58
茅坪工业区,江西省,吉安市,永新县,吉安市永新县319国道附近,173,169
吉安市小屋岭产业园,江西省,吉安市,永新县,,171,1
鸿讯通科技园,江西省,吉安市,永新县,吉安市永新县埠前镇小屋岭,44,-
永新工业园,江西省,吉安市,永新县,吉安市永新县建材一条街与站前东路交叉口北150米,34,24
易巴克产业园,江西省,吉安市,永新县,埠前镇易巴克产业园,17,-
永新县退役军人创业孵化基地,江西省,吉安市,永新县,未来城29栋二楼,-,2
永新县小微企业创业园,江西省,吉安市,永新县,湘赣大道223号靠近,-,68
永新县农业科技园,江西省,吉安市,永新县,吉安市永新县２２０国道与长亭段交叉口北约40米,-,-
捷壹众创电子商务产业园,江西省,吉安市,永新县,220国道与335省道交叉口西北340米,-,-
永新县光电玻璃产业园,江西省,吉安市,永新县,220国道与335省道交叉口西440米,-,5
永新水暖卫浴产业园,江西省,吉安市,永新县,220国道与335省道交叉口西440米,-,5
永新县电子商务产业园,江西省,吉安市,永新县,220国道与335省道交叉口西北340米,-,-
江西物联网智能制造示范园,江西省,吉安市,永新县,吉安市永新县永新县工业园区,-,-
宏诚商务园,江西省,吉安市,永新县,吉安市永新县禾川镇湘赣大道210号,-,125
新干箱包皮具产业园博派基地,江西省,吉安市,新干县,吉安市新干县新干县箱包基地11栋门面043-046西北方向80米,326,61
新干工业园(河西工业园),江西省,吉安市,新干县,吉安市新干县789县道东50米,222,61
赣中玻璃灯饰工业城(新干县玻璃工业城),江西省,吉安市,新干县,吉安市新干县赣玻二路,219,30
新干县城北工业园,江西省,吉安市,新干县,城北工业园区,167,-
新干县城南工业园,江西省,吉安市,新干县,吉安市新干县东兴路与园区大道交叉口西北150米,145,2
新干瑞和商贸物流园,江西省,吉安市,新干县,吉安市新干县金川北大道东侧城北花园正对面,105,213
新干县城南工业区,江西省,吉安市,新干县,城南工业园区,102,69
新干电商产业园(新干县城北电商产业园),江西省,吉安市,新干县,吉安市新干县金川北大道101正南方向130米,15,28
江西新干盐化工业城,江西省,吉安市,新干县,吉安市新干县一零五国道与盐化大道交汇处正北方向90米,-,-
江西新干大学生(青年)电子商务创业孵化基地,江西省,吉安市,新干县,江西省吉安市新干县金川镇江西新干大学生(青年)电子商务创业孵化基地,-,52
新干县电子商务创业孵化基地,江西省,吉安市,新干县,吉安市新干县川南西路塔峰新村1号电子商务创业孵化基地6层616房,-,43
新干县现代农业示范园,江西省,吉安市,新干县,吉安市新干县神政桥庄上村,-,5
新干县赣中林产工业城,江西省,吉安市,新干县,吉安市新干县沂江乡105国道西侧大洲村旁,-,70
新干县民营科技园,江西省,吉安市,新干县,吉安市新干县金川南大道161号,-,7
吉水电镀区,江西省,吉安市,吉水县,吉安市吉水县景旺大道,330,2
吉安市吉水县城南工业区,江西省,吉安市,吉水县,,120,10
吉安市八都工业园,江西省,吉安市,吉水县,,84,46
吉水工业园,江西省,吉安市,吉水县,江西省吉安市吉水县金滩镇吉水工业园,65,40
河西工业区,江西省,吉安市,吉水县,黄金大道与763县道交叉口北60米,28,6
吉水万尚·电子商务街区,江西省,吉安市,吉水县,吉安市吉水县X764与太华路交叉口西南方向160米,-,14
中宏众创产业园,江西省,吉安市,吉水县,吉安市吉水县龙华大道,-,80
江西省级小微企业创业园国家中小企业创业基地,江西省,吉安市,吉水县,吉安市吉水县天松路(井冈山经贸学校东北侧约250米),-,2
中宝众创产业园,江西省,吉安市,吉水县,八都北大道与龙华大道交叉口东40米,-,5
吉水同江万亩稻渔产业园,江西省,吉安市,吉水县,江西省吉安市吉水县盘谷镇,-,-
吉水电商产业园,江西省,吉安市,吉水县,吉安市吉水县仁山路5号,-,14
吉安八都现代农业示范园,江西省,吉安市,吉水县,吉安市吉水县八都镇,-,9
八都工业园,江西省,吉安市,吉水县,吉安市吉水县工业园路与八都南大道交叉路口西北侧,-,21
吉水标准产业园,江西省,吉安市,吉水县,吉安市吉水县景旺大道,-,-
永丰城北工业园,江西省,吉安市,永丰县,吉安市永丰县北区一路,424,50
永丰生物医药产业园,江西省,吉安市,永丰县,恩江镇工业园区生物医药产业园11号(管委会对面),258,79
永丰矿产科技园,江西省,吉安市,永丰县,吉安市永丰县银河路,254,-
吉安永丰县工业区,江西省,吉安市,永丰县,,126,6
永丰县物流园,江西省,吉安市,永丰县,吉安市永丰县迎宾大道北50米,95,78
吉安市永丰现代农业科技园,江西省,吉安市,永丰县,,63,-
江西华迈工业园,江西省,吉安市,永丰县,S46抚吉高速附近,34,-
永丰新材料产业园,江西省,吉安市,永丰县,吉安市永丰县东城大道,-,35
永丰县工业区,江西省,吉安市,永丰县,吉安市永丰县工业大道,-,13
中兴工业城,江西省,吉安市,永丰县,吉安市永丰县工业大道南50米,-,46
广源化工粉体材料应用产业园,江西省,吉安市,永丰县,吉安市永丰县永丰县工业园区广源化工,-,-
峡江县工业园区,江西省,吉安市,峡江县,吉安市峡江县城南工业园区,2597,99
峡江县民营科技园,江西省,吉安市,峡江县,吉安市峡江县工业五路附近,876,112
峡江县第一中心粮库(固源)粮食物流园,江西省,吉安市,峡江县,吉安市峡江县马埠镇固源村北,243,2
峡江工业园河西聚集区,江西省,吉安市,峡江县,规划西三路与规划南一路交叉口西北340米,213,2
峡江县大健康产业园,江西省,吉安市,峡江县,吉安市峡江县峡江工业园河西聚集区434省道与振兴大道路口南,128,77
峡江县智能制造产业园,江西省,吉安市,峡江县,峡江工业园河西聚集区322国道与振兴大道路口,104,11
峡江县电子商务产业园,江西省,吉安市,峡江县,吉安市峡江县玉笥大道彩云路口,14,7
峡江县宝林科技园,江西省,吉安市,峡江县,吉安市峡江县G105(京珠线),-,-
金坪华侨农场创业园,江西省,吉安市,峡江县,农家乐东南侧,-,1
海峡花卉园,江西省,吉安市,峡江县,吉安市峡江县水边镇人寿保险公司96号,-,6
峡江县农业示范科技园,江西省,吉安市,峡江县,吉安市峡江县105国道东50米,-,-
东精达科技园,江西省,吉安市,安福县,机电大道西北侧,53,-
维客泰美电商科创园,江西省,吉安市,安福县,机电大道888号,40,10
龙威环保科技园,江西省,吉安市,安福县,吉安市安福县机电大道维客泰美电商科创园,16,1
安福县创业孵化基地,江西省,吉安市,安福县,振兴大道西北侧,-,97
安福先进装备制造产业孵化基地,江西省,吉安市,安福县,机电大道与世纪大道交叉口西北420米,-,-
江西流星工业园,江西省,吉安市,安福县,吉安市安福县安华大道,-,-
江西安福工业园,江西省,吉安市,安福县,吉安市安福县泸水河大道附近,-,-
南铁安福工区,江西省,吉安市,安福县,吉安市安福县人火线西50米,-,-
安福县校办工业园,江西省,吉安市,安福县,吉安市安福县安福县工业园,-,1
诺亚信息产业园,江西省,吉安市,井冈山市,吉安市井冈山市新城区三环路1号,141,1
井冈山智能物联网产业园,江西省,吉安市,井冈山市,吉安市井冈山市２２０国道与八面山大道交叉口西南约180米,140,6
井冈山绿色食品产业园,江西省,吉安市,井冈山市,吉安市井冈山市厦坪镇口前山村村民委员会正南方向120米,49,360
井冈山新经济产业园(井财小镇),江西省,吉安市,井冈山市,吉安市井冈山市区厦坪镇口前山村村民委员会东南方向70米,21,1089
古城工业园,江西省,吉安市,井冈山市,吉安市井冈山市864县道,-,-
白银湖农家乐聚集区,江西省,吉安市,井冈山市,吉安市井冈山市林场白银湖下村39栋东北方向150米,-,-
上饶经济技术开发区,江西省,上饶市,广信区,大鹏西大道与武夷山大道交叉口西北50米,7808,790
上饶茶亭经济开发区,江西省,上饶市,广信区,上饶市广信区上分线东50米,7516,283
上饶经济开发区黄源片区,江西省,上饶市,广信区,上饶市广信区一纬路南50米,3427,157
新能源汽车核心零部件产业园,江西省,上饶市,铅山县,上饶市广信区武夷山大道,1104,8
中国光学城,江西省,上饶市,广信区,上饶市经济开发区聚远路26号,1067,68
三江工业园,江西省,上饶市,广信区,上饶市广信区工业大道与林荫路交叉口东北50米,636,75
汽车关键零部件产业园区B区(建设中),江西省,上饶市,广信区,光伏路与友谊路交叉口西北260米,633,-
新华龙·汽车物流智慧港,江西省,上饶市,广信区,上饶市广信区三清山西大道51号,481,256
上饶现代农业园区,江西省,上饶市,广信区,上饶市广信区皂佛段东50米,349,-
上饶彩诚工业物流园,江西省,上饶市,广信区,上饶市广信区董团乡凤凰西大道301号,335,123
一舟大数据产业园,江西省,上饶市,广信区,上饶市广信区迎宾大道7号,274,3
中国汽车零部件(上饶)产业基地,江西省,上饶市,广信区,上饶市广信区凤凰大道西,201,28
盛奇光学产业园,江西省,上饶市,广信区,上饶市广信区龙门路与兴业大道交汇处,194,37
光伏新能源产业园,江西省,上饶市,广信区,上饶市广信区兴业大道99号,192,15
上饶市瑞达表面精饰产业园,江西省,上饶市,广信区,创谷一路与创谷二路交叉口西260米,174,-
崧宸实业物流园,江西省,上饶市,广信区,上饶市广信区董团乡上饶市经济开发区新科大道219号,150,40
上饶市金融产业园,江西省,上饶市,广信区,经济技术开发区创新大道27号,118,22
上饶市创意产业园,江西省,上饶市,广信区,经济技术开发区创新大道160号,108,-
江西·南洋高科园,江西省,上饶市,广信区,上饶市广信区广信区茶亭镇(近320国道),101,-
六号数字智慧共享产业园,江西省,上饶市,广信区,兴业大道16号小呗出行,101,32
上饶经开区智慧园区(上饶双创科技城),江西省,上饶市,广信区,上饶市广信区双创科技城,61,198
大业东方企业园,江西省,上饶市,广信区,上饶市广信区经济开发区茶亭工业园,54,170
江西星汉光学产业园,江西省,上饶市,广信区,兴业大道15号光学基地,45,10
上饶经济技术开发区光电孵化园二期,江西省,上饶市,广信区,上饶市广信区经济开发区,44,27
松江之光产业园,江西省,上饶市,广信区,上饶市广信区广信区经济技术开发区金光大道龙门路创谷一路,39,30
合创汇光电信息科技园,江西省,上饶市,广信区,汉腾大道与聚远路交叉口北200米,36,3
上饶数字文化创意园(阳光时代),江西省,上饶市,广信区,上饶市广信区凤凰西大道76号阳光时代附近,26,655
江西邮政(上饶)电商智慧产业园,江西省,上饶市,广信区,上饶市广信区旭日北大道与627县道交汇处东北侧,24,-
汉氏联合健康科技园,江西省,上饶市,广信区,上饶市广信区蓝江路,20,-
经开区江铜(上饶)工业园区,江西省,上饶市,广信区,园三路与耐普大道交叉口东南160米,-,-
饶商回归产业园(建设中),江西省,上饶市,广信区,枫岭头镇嘉靖村,-,11
上饶经开区返乡创业园,江西省,上饶市,广信区,上饶市广信区世纪大道西50米,-,-
上饶国家农业科技园,江西省,上饶市,广信区,上饶市广信区上饶市广信区,-,-
江西省绿颜康现代农业产业园,江西省,上饶市,广信区,上饶市广信区五府山镇高州村,-,-
上饶现代农业科技园,江西省,上饶市,广信区,上饶市广信区兴业大道与金光大道交叉口西北50米,-,15
上饶凤凰工业园,江西省,上饶市,广信区,上饶市广信区龟峰大道与627县道交叉口北150米,-,-
上饶木雕创意产业基地,江西省,上饶市,广信区,上饶市广信区茶厅白沙居委会旁,-,1
上饶利精蜜蜂产业园,江西省,上饶市,广信区,上饶市广信区皂佛段西50米,-,-
万年国际珍珠城,江西省,上饶市,万年县,正大西街8号,265,149
万年康佳产业园,江西省,上饶市,万年县,上饶市万年县叁陆科技有限公司正对面,229,8
万年县工业区,江西省,上饶市,万年县,上饶市万年县创业中路东50米,126,9
江西电子商务双创城,江西省,上饶市,万年县,上饶市万年县上坊乡万盛大道,119,13
石镇镇特色工业园区,江西省,上饶市,万年县,上饶市万年县石镇G206西侧,86,15
索普信产业园,江西省,上饶市,万年县,上饶市万年县创业中路与建业路交叉口西北50米,80,1
百思利产业园,江西省,上饶市,万年县,陶源路6号,-,-
万年县珍珠文化产业园,江西省,上饶市,万年县,江西省上饶市万年县陈营镇,-,-
万年县创新创业孵化中心,江西省,上饶市,万年县,上饶市万年县锦园南路,-,2
返乡创业园,江西省,上饶市,万年县,上饶市万年县创业路,-,-
万年县国米文化生态产业园,江西省,上饶市,万年县,上饶市万年县万盛大道东,-,-
江西联创(万年)电子产业园,江西省,上饶市,万年县,江西省上饶市万年县陈营镇,-,1
江西万年高新区,江西省,上饶市,万年县,上饶市万年县陈营镇万盛大道公共资源交易中心附近,-,-
万年县返乡农民工创业园,江西省,上饶市,万年县,上饶市万年县万盛大道与经三路交叉口南100米,-,68
丰收工业园,江西省,上饶市,万年县,上饶市万年县建德大街,-,37
万年建材电商产业园,江西省,上饶市,万年县,上饶市万年县万盛大道与经三路交叉口南100米,-,69
万年鹏程服装产业园,江西省,上饶市,万年县,上饶市万年县创业路与建业大街交叉路口往东约140米,-,23
江西群牛产业园,江西省,上饶市,万年县,上饶市万年县锦德路北50米,-,1
江西万年高新技术产业园区,江西省,上饶市,万年县,上饶市万年县创业中路东50米,-,-
信州产业园,江西省,上饶市,信州区,上饶市信州区朝阳大道22号,1957,550
信州区朝阳产业园,江西省,上饶市,信州区,朝阳大道与朝阳十一路交叉口北320米,831,277
信州置信智造谷,江西省,上饶市,信州区,上饶市信州区朝阳产业园朝阳大道,129,3
信州区朝阳光电产业园,江西省,上饶市,信州区,上饶市信州区上广公路与朝阳二路交汇处,113,18
上饶信州区互联网产业聚集区,江西省,上饶市,信州区,上饶市信州区志敏东大道193号附近,69,75
上饶饶商总部基地,江西省,上饶市,信州区,凤凰东大道2号,56,14
上饶国际医疗旅游先行区,江西省,上饶市,信州区,上饶市信州区赣东北汽车园北,56,141
上饶大健康产业科创园,江西省,上饶市,信州区,上饶市信州区上饶大道19号,21,1
上饶兄弟字牌生产基地,江西省,上饶市,信州区,上饶市信州区志敏西大道同心村下荷叶,-,-
江西省大数据科创城,江西省,上饶市,信州区,上饶市信州区圣东路与吴楚大道交叉路口往东北约80米,-,44
上饶高铁经济试验区,江西省,上饶市,信州区,上饶市信州区茶圣路与吴楚大道交叉口东北方向160米,-,44
信州区电子商务产业园,江西省,上饶市,信州区,上饶市信州区陵园路22号,-,-
5号聚点,江西省,上饶市,信州区,上饶市信州区茶圣路市水文局旁5号,-,8
建业广场(上饶建筑科技产业园),江西省,上饶市,信州区,上饶市信州区凤凰东大道1号,-,115
上饶数字经济服务园,江西省,上饶市,信州区,上饶市信州区三清山东大道168号,-,162
上饶6号库文化创意信息产业园,江西省,上饶市,信州区,上饶市信州区茶圣路6号,-,-
6号库微商产业园,江西省,上饶市,信州区,上饶市信州区茶圣路6号,-,7
余干县创新创业产业园,江西省,上饶市,余干县,上饶市余干县玉亭镇红都国际对面,360,126
余干平安汽摩配产业园,江西省,上饶市,余干县,上饶市余干县金电大道,35,-
中国余干电子商务城,江西省,上饶市,余干县,上饶市余干县鄱阳湖大道,-,-
建设现代工业城,江西省,上饶市,余干县,上饶市余干县金电大道,-,173
铭日现代铁路物流园,江西省,上饶市,余干县,上饶市余干县银苑北路与金电大道交叉路口北侧,-,-
中国余干智能锁产业园,江西省,上饶市,余干县,金电大道东北侧,-,-
江西·余干县生态食品产业园,江西省,上饶市,余干县,上饶市余干县·余干县生态食品产业园(鄱阳湖大道),-,-
余干高新园区,江西省,上饶市,余干县,上饶市余干县锦星路,-,-
长青物流园,江西省,上饶市,余干县,上饶市余干县马背嘴,-,10
女子创业园,江西省,上饶市,余干县,上饶市余干县迎宾大道371号,-,33
余干县电商科技园,江西省,上饶市,余干县,上饶市余干县G353与南昌大道交叉口东北方向160米,-,15
金伦鳝业生态科技园,江西省,上饶市,余干县,上饶市余干县昌万公路北50米,-,-
余干高新技术产业园区水钻产业园,江西省,上饶市,余干县,上饶市余干县金电大道,-,-
玉山工业园,江西省,上饶市,玉山县,上饶市玉山县金惠路西50米,922,98
玉山光电产业基地,江西省,上饶市,玉山县,电子大道与671县道交叉口东北80米,599,140
江西玉山万景环保装备产业园,江西省,上饶市,玉山县,上饶市玉山县电子大道以北320国道以西,248,5
玉山家具产业园,江西省,上饶市,玉山县,太甲山大道与科技大道交叉口南240米,226,110
绿谷产业园,江西省,上饶市,玉山县,上饶市玉山县671县道南100米,187,2
江西玉山高新技术孵化园,江西省,上饶市,玉山县,冰溪街道高新区科龙路,114,1
玉山县橱柜产业园,江西省,上饶市,玉山县,上饶市玉山县西龙路,111,63
玉山电子商务产业园,江西省,上饶市,玉山县,上饶市玉山县电商路与站前路交叉路口往北约200米,-,135
忆三青生态产业园,江西省,上饶市,玉山县,上饶市玉山县紫湖冷水源漂流(三清山名胜风景区),-,-
农贸市场创业园,江西省,上饶市,玉山县,上饶市玉山县冰溪街道三清大道477号,-,5
杰夫电商产业园,江西省,上饶市,玉山县,上饶市玉山县电子商城内,-,-
江西省鄱阳工业园区,江西省,上饶市,鄱阳县,上饶市鄱阳县工业四路,9160,237
东海针织制衣产业园,江西省,上饶市,鄱阳县,上饶市鄱阳县芦田乡209省道,1760,22
昊泽科技产业园,江西省,上饶市,鄱阳县,上饶市鄱阳县工业二路,1535,5
鄱阳湖工业园(芦田)产业基地,江西省,上饶市,鄱阳县,上饶市鄱阳县209省道附近,145,20
江西鄱商回归创业园,江西省,上饶市,鄱阳县,上饶市鄱阳县创业大道,132,2
恒立通电子产业基地,江西省,上饶市,鄱阳县,上饶市鄱阳县279乡道东50米,-,2
北源猕猴桃产业园,江西省,上饶市,鄱阳县,上饶市鄱阳县油墩街,-,-
江西鄱阳数字经济产业园,江西省,上饶市,鄱阳县,上饶市鄱阳县鄱阳镇交警大队东面,-,11
江西鄱阳工业园区,江西省,上饶市,鄱阳县,上饶市鄱阳县中心大道与鄱阳湖大道交叉口西北200米,-,32
新安农业产业园,江西省,上饶市,鄱阳县,上饶市鄱阳县209省道东50米,-,1
江天农业科技产业园,江西省,上饶市,铅山县,上饶市铅山县沪昆高速公路,85,3
天恒孵化园(一期),江西省,上饶市,铅山县,上饶市铅山县工业二路,53,-
铝山县返乡创业园,江西省,上饶市,铅山县,上饶市铅山县汪乌线,-,29
江西神叶锌业生产基地,江西省,上饶市,铅山县,上饶市铅山县工业十八路与紫溪路交叉路口往东北约130米,-,3
铅山县工业园,江西省,上饶市,铅山县,外环路与石塘路交叉口西北120米,-,21
铅山电商产业园,江西省,上饶市,铅山县,上饶市铅山县信州东路140号附近,-,37
上饶市锦钰电商物流园,江西省,上饶市,铅山县,上饶市铅山县工业八路西150米,-,7
铅山县工业园区,江西省,上饶市,铅山县,上饶市铅山县工业七路与鹅湖大道交叉口东北50米,-,53
江西省铅山县电子商务创业园,江西省,上饶市,铅山县,上饶市铅山县上铅快速通道与信州东路交叉口西南150米,-,29
智慧电商产业园,江西省,上饶市,铅山县,上饶市铅山县信州东路140号附近,-,37
婺源县工业园区,江西省,上饶市,婺源县,玉泉镇,763,57
婺源县小企业创业基地,江西省,上饶市,婺源县,上饶市婺源县紫阳镇才士大道婺源高新技术产业园,227,86
布衣传说电商创业园,江西省,上饶市,婺源县,上饶市婺源县紫阳镇工业园区晓起路,33,38
瑞运新能源科技产业园,江西省,上饶市,婺源县,上饶市婺源县紫阳镇湖林村清华路,32,-
婺源影视文化创意产业园,江西省,上饶市,婺源县,钟山路与平安西路交叉口东120米,-,1
婺源万景众创城(建设中),江西省,上饶市,婺源县,兴婺路,-,27
婺源县电商创业孵化基地,江西省,上饶市,婺源县,上饶市婺源县大名府小区16栋,-,7
华龙徽雕文化产业园,江西省,上饶市,婺源县,上饶市婺源县金山路,-,6
大鄣山茶生态产业园,江西省,上饶市,婺源县,上饶市婺源县304省道与356乡道交叉口西南100米,-,-
江西上饶高新技术产业开发区,江西省,上饶市,广丰区,上饶市广丰区上广公路1号,2312,921
上饶高新园区芦洋产业园,江西省,上饶市,信州区,上饶市广丰区工业二路,2036,44
上饶高新区电子信息产业园,江西省,上饶市,广丰区,火炬大道与高新大道交叉口东南40米,874,146
广丰红木文化创意产业园,江西省,上饶市,广丰区,上饶市广丰区上广公路666号,131,67
广丰电子商务生态产业园,江西省,上饶市,广丰区,上饶市广丰区双金路168号(精元电脑东侧后面),104,67
广丰区梦想小镇,江西省,上饶市,广丰区,上饶市广丰区精元西路与上广路交叉口150米,82,14
晶艺光电科技园,江西省,上饶市,广丰区,上饶市广丰区上广公路,63,8
广丰红木创业孵化基地,江西省,上饶市,广丰区,上饶市广丰区洋口镇上广公路御之木工艺,28,1
银根农耕文化园,江西省,上饶市,广丰区,上饶市广丰区嵩峰乡053乡道,-,-
电商孵化园,江西省,上饶市,广丰区,上饶市广丰区排山镇排山大道排山中学,-,-
城南工业园区,江西省,上饶市,弋阳县,上饶市弋阳县方志敏大道南路与方志敏西路交叉口西150米,987,52
弋阳县文化创意电商产业园,江西省,上饶市,弋阳县,上饶市弋阳县港口路,117,147
弋阳县电商创业孵化基地,江西省,上饶市,弋阳县,上饶市弋阳县方志敏大道与康伯路交叉口东南约160米,17,-
弋阳县现代农业示范园,江西省,上饶市,弋阳县,三林线与漆工大道交叉口西北80米,-,-
弋阳智盟产业新城,江西省,上饶市,弋阳县,上饶市弋阳县高新大道,-,11
弋阳县科技创业园,江西省,上饶市,弋阳县,上饶市弋阳县清湖大桥,-,29
上饶电信实业工业园,江西省,上饶市,弋阳县,上饶市弋阳县320国道南100米,-,-
弋阳县连胜工业园,江西省,上饶市,弋阳县,上饶市弋阳县148乡道与154乡道交叉口南50米,-,33
横峰工业园区,江西省,上饶市,横峰县,上饶市横峰县创业大道,3700,156
横峰县兴安工业园区,江西省,上饶市,横峰县,上饶市横峰县莲荷路与迎宾大道交叉口东北100米,689,59
横峰电商众创园,江西省,上饶市,横峰县,上饶市横峰县岑阳镇兴安街208-317号,51,100
横峰经开区九甲产业园,江西省,上饶市,横峰县,上饶市横峰县红军大道江西兴安种业有限公司东南,32,12
飞天谷·上饶新零售电商产业城(建设中),江西省,上饶市,横峰县,兴安工业区,-,-
中长腾峻健康产业园,江西省,上饶市,横峰县,上饶市横峰县迎宾大道与虹桥东路交叉路口往西约200米,-,86
江西横峰经济开发区,江西省,上饶市,横峰县,上饶市横峰县迎宾大道与岑阳大道交叉路口向西约50米,-,5
江苏锂电产业园,江西省,上饶市,横峰县,上饶市横峰县320国道北50米,-,-
德兴市光电产业园,江西省,上饶市,德兴市,上饶市德兴市新阳路与新安南路交叉路口往西南约200米,201,29
江西德兴高新技术产业园区,江西省,上饶市,德兴市,新香大道与306省道交叉口东南460米,56,74
德兴市金融科技产业园,江西省,上饶市,德兴市,朝阳路与迎狮路和平路东160米,-,6
德兴市电子商务孵化基地,江西省,上饶市,德兴市,上饶市德兴市聚远大道18号正南方向60米,-,20
荣兴生态科技园,江西省,上饶市,德兴市,上饶市德兴市张村乡店前村罗田附近,-,-
德兴市遮阳产业园,江西省,上饶市,德兴市,上饶市德兴市新安南路,-,1
德兴经济开发区,江西省,上饶市,德兴市,上饶市德兴市铜都大道东100米,-,10
德兴新经济创业产业园,江西省,上饶市,德兴市,上饶市德兴市铜都大道东200米,-,-
国家级宜春经济技术开发区,江西省,宜春市,袁州区,宜春市袁州区春风路1号,3121,240
袁州工业园(江西省省级医药基地),江西省,宜春市,袁州区,宜春市袁州区宜春大道725号,988,177
江西远东电池工业园,江西省,宜春市,袁州区,宜春市袁州区经济开发区,754,6
金湖双创产业园,江西省,宜春市,袁州区,宜云路与春华路交叉口南280米,580,13
骑客研发生产基地,江西省,宜春市,袁州区,宜春市袁州区春水路,303,5
宜联科技产业园,江西省,宜春市,袁州区,宜春市袁州区宜联大道,287,-
指芯科技园,江西省,宜春市,袁州区,宜春市袁州区宜春经济开发区宜商大道东,269,4
长青机电工业园,江西省,宜春市,袁州区,宜春市袁州区环城南路388号,265,17
宜春经开区物流中心,江西省,宜春市,袁州区,经发大道37号,246,473
中一科技园,江西省,宜春市,袁州区,宜春市袁州区春一路12号,177,18
中小企业孵化园,江西省,宜春市,袁州区,宜春市袁州区宜春技术开发区银岭东路北侧,121,4
青年云数字经济产业园,江西省,宜春市,袁州区,宜春市袁州区经开区宜商大道,52,157
九三运营招商产业园,江西省,宜春市,袁州区,宜春市袁州区平安路与东风路交叉路口西南侧(宜春西站西北侧),31,80
袁州医药工业园,江西省,宜春市,袁州区,宜春市袁州区宜春经济技术开发区朝霞路与银岭路交汇处,21,542
大地电商园,江西省,宜春市,袁州区,宜春市袁州区宜春经济开发区管理委员会经发大道,17,7
前行·58科创园,江西省,宜春市,袁州区,宜春市袁州区大塘路101号光启楼,13,48
高新技术孵化园,江西省,宜春市,袁州区,宜春市袁州区宜春经济开发区管理委员会宜春经济开发区管理委员会经开区经发大道,12,-
宜春爱才经济产业园,江西省,宜春市,袁州区,宜春市袁州区宜春市袁州区968号爱才经济产业园,8,66
大学生创新创业孵化基地,江西省,宜春市,袁州区,宜春市袁州区中山西路388号,3,16
军湖创业孵化基地,江西省,宜春市,袁州区,宜春市袁州区锦绣大道1688号,-,-
赣湘边区域合作宜春产业园,江西省,宜春市,袁州区,宜春市袁州区锦源新区,-,-
宜春高新科技孵化基地,江西省,宜春市,袁州区,宜春市袁州区宜工大道21号,-,49
宜春市大学生村官创新创业孵化基地,江西省,宜春市,袁州区,宜春市袁州区上塘路,-,11
经开区电子商务孵化基地,江西省,宜春市,袁州区,宜春市袁州区春帆路与经都路交叉口西北方向170米,-,3
宜春市三支一扶大学生创新创业孵化基地,江西省,宜春市,袁州区,宜春市袁州区上高路与上塘路交叉口东南方向40米,-,10
宜春市创业孵化基地,江西省,宜春市,袁州区,宜春市袁州区袁州大道,-,47
袁州区电子商务创业孵化基地,江西省,宜春市,袁州区,袁州大道与厚田路交叉口东380米,-,47
正广通(宜春)产业园,江西省,宜春市,袁州区,宜春市袁州区春雨路与宜工大道交叉路口往东约50米,-,15
青年谷孵化基地,江西省,宜春市,袁州区,宜春市袁州区宜阳南路怡兰花园西北侧约110米,-,81
中冶天工集团有限公司赣湘边区产业园,江西省,宜春市,袁州区,宜春市袁州区宜慈公路旁,-,-
青年谷创意产业园,江西省,宜春市,袁州区,宜春市袁州区宜春经济开发区宜春南路千年美丽小区,-,59
宜春市大数据产业发展办公区,江西省,宜春市,袁州区,秀江东路968号,-,-
江西宜春人力资源服务产业园,江西省,宜春市,袁州区,宜春市袁州区平安路531号三楼,-,51
赣湘边经贸合作产业园,江西省,宜春市,袁州区,宜春市袁州区慈化镇,-,-
江西星火油茶科技园,江西省,宜春市,袁州区,宜春市袁州区西村镇袁农路868号,-,7
高鸿中递智能制造(物流装备)产业园,江西省,宜春市,袁州区,袁州医药工业园工业9路,-,7
中国(宜春)锂电新能源产业园,江西省,宜春市,袁州区,宜春市袁州区工业大道与彬兴路交叉口南100米,-,5
南池涌珠文创园,江西省,宜春市,袁州区,宜春市袁州区明月大道,-,-
江西省电子商务示范基地,江西省,宜春市,袁州区,宜春市袁州区宜春国际商贸城会展中心(淘宝宜春馆收),-,30
宜春市小微企业创业孵化园,江西省,宜春市,袁州区,宜春市袁州区环城南路南50米,-,1
丽人创意园,江西省,宜春市,袁州区,宜春市袁州区中山西路北50米,-,19
江西江特电商文化创业园,江西省,宜春市,袁州区,宜春市袁州区平安路618号,-,138
彬江工业园,江西省,宜春市,袁州区,宜春市袁州区彬江镇工业大道,-,30
宜春纸皮工业园,江西省,宜春市,袁州区,宜春市经济开发区春达路,-,3
金虎集团科技产业园,江西省,宜春市,樟树市,宜春市樟树市科技大道,432,13
福城工业园,江西省,宜春市,樟树市,宜春市樟树市新民路188号,190,237
中国药都科技产业园,江西省,宜春市,樟树市,宜春市樟树市杨园路,165,2
樟树市数字经济产业园,江西省,宜春市,樟树市,葛玄路盐矿公交站东,122,2
仁和863科技园,江西省,宜春市,樟树市,宜春市樟树市葛玄路6号滨江新城建设委员会,52,16
理想大健康产业园,江西省,宜春市,樟树市,宜春市樟树市张家山城北工业园经开西三路1511,51,81
云健康电商产业园,江西省,宜春市,樟树市,宜春市樟树市四特大道288号,4,73
药都医疗器械产业园(建设中),江西省,宜春市,樟树市,药都科技产业园医药区杨园路98号,-,-
江西建邦科创中心(建设中),江西省,宜春市,樟树市,盐城南大道60号,-,-
樟树市聚邦生物医药产业园,江西省,宜春市,樟树市,科技路与油库路交叉口西180米,-,-
张家山工业园,江西省,宜春市,樟树市,宜春市樟树市清江大道,-,3
樟树市电商创业基地,江西省,宜春市,樟树市,宜春市樟树市药市路,-,246
樟树市大桥工业园,江西省,宜春市,樟树市,宜春市樟树市808乡道与843乡道交叉口西100米,-,213
药都职业教育园,江西省,宜春市,樟树市,宜春市樟树市四特大道288号,-,2
四合文化创意园,江西省,宜春市,樟树市,宜春市樟树市药市路169号,-,36
樟树经开区,江西省,宜春市,樟树市,宜春市樟树市园区中路与314省道交叉口北100米,-,17
中国创新型智能城市家具产业基地,江西省,宜春市,樟树市,324省道东50米,-,-
江西省盐化基地,江西省,宜春市,樟树市,宜春市樟树市樟树市工业园区盐化大道,-,1
樟树市盐化基地,江西省,宜春市,樟树市,宜春市樟树市江西司太立制药公司大门对面,-,19
樟树市中药材创业示范园,江西省,宜春市,樟树市,宜春市樟树市药都南大道辅路,-,173
樟树市城北经济技术开发区,江西省,宜春市,樟树市,宜春市樟树市314省道附近,-,1019
水圣科技园,江西省,宜春市,樟树市,宜春市樟树市105国道东100米,-,-
洋湖工业园,江西省,宜春市,樟树市,洋湖乡工业园,-,15
高安市新世纪工业城,江西省,宜春市,高安市,宜春市高安市广场东路与广场西路交叉口东南150米,2900,213
高安市工业区,江西省,宜春市,高安市,宜春市高安市高安大道东路8号附近,1822,88
高安市工业园杨家湖区,江西省,宜春市,高安市,祥符工业园杨家湖项目,1597,81
高安物流云谷·内陆港,江西省,宜春市,高安市,中汽大道,375,26
天丰集团科技园,江西省,宜春市,高安市,宜春市高安市龙工大道与兴隆东路交叉路口往西约80米,134,-
一尧医药健康产业园,江西省,宜春市,高安市,宜春市高安市320国道北,108,-
大V小镇文化创意园,江西省,宜春市,高安市,宜春市高安市瑞阳新区平安大道南侧,17,26
高安青年创业孵化基地,江西省,宜春市,高安市,宜春市高安市月潭路高安森泽国际江山社稷吊顶建材馆北侧约130米,-,208
唐韵背景墙罗马柱生产基地,江西省,宜春市,高安市,宜春市高安市陶瓷产业基地罗斯福路,-,-
建筑陶瓷产业基地,江西省,宜春市,高安市,宜春市高安市普京路,-,-
江西省金宝退役军人创业孵化基地,江西省,宜春市,高安市,宜春市高安市中汽大道1号,-,224
城西工业园,江西省,宜春市,高安市,320国道西北侧,-,40
品信科技智慧终端产业园,江西省,宜春市,高安市,宜春市高安市高安市工业园杨家湖工业区,-,39
中国建筑陶瓷城,江西省,宜春市,高安市,江西省宜春市高安市高安市新世纪工业城管委会,-,9
石脑工业区,江西省,宜春市,高安市,宜春市高安市320国道西50米,-,5
江西省建筑陶瓷产业基地,江西省,宜春市,高安市,宜春市高安市新街镇八新段,-,112
高安市农业开发科技示范园,江西省,宜春市,高安市,宜春市高安市高安大道,-,-
中汽森泽国际商贸城,江西省,宜春市,高安市,宜春市高安市中汽大道1号,-,226
大城·昌西文化产业园,江西省,宜春市,高安市,宜春市高安市320国道附近,-,81
江西省高安市八景镇工业园,江西省,宜春市,高安市,宜春市高安市胡新段附近,-,10
新街陶瓷工业园,江西省,宜春市,高安市,宜春市高安市精诚路,-,2
宜春市丰城高新技术产业园区,江西省,宜春市,丰城市,宜春市丰城市丰源大道北50米,8147,571
丰城市精品陶瓷产业基地,江西省,宜春市,丰城市,梅林镇丰矿大道(精品陶瓷产业基地),6610,46
少海汇智能健康家居生态产业城(建设中),江西省,宜春市,丰城市,宜春市丰城市丰城市高新园区规划一路001号,688,-
丰城市高端装备制造产业园,江西省,宜春市,丰城市,宜春市丰城市火炬中四路,438,5
格林美城市矿产资源循环产业园,江西省,宜春市,丰城市,宜春市丰城市221省道,337,38
丰城市精品家具产业园,江西省,宜春市,丰城市,上塘镇,238,-
丰源工业园,江西省,宜春市,丰城市,宜春市丰城市丰电大道1号,188,54
新能源新材料产业园,江西省,宜春市,丰城市,龙津洲街道,168,-
生命健康产业园,江西省,宜春市,丰城市,宜春市丰城市芝山路,117,11
丰城小微企业创业园,江西省,宜春市,丰城市,宜春市丰城市丰源大道与火炬南二路交叉路口西侧,85,36
京东智能城市(丰城)数字经济产业园,江西省,宜春市,丰城市,剑南路82号,66,374
泰和百盛·南区,江西省,宜春市,丰城市,宜春市丰城市鑫琪金属附近,62,-
丰城下岗职工创业园,江西省,宜春市,丰城市,宜春市丰城市剑邑大道南50米,-,6
江西丰城循环经济产业园,江西省,宜春市,丰城市,宜春市丰城市G238与循环大道交叉口东北方向60米,-,-
丰城市创业示范区,江西省,宜春市,丰城市,宜春市丰城市富州北路与府前路交叉口东北50米,-,43
江西龙津湖总部经济基地,江西省,宜春市,丰城市,宜春市丰城市曲江镇丰厚一级公路与剑桥路交叉口北50米,-,32
丰城市电子商务创业孵化基地,江西省,宜春市,丰城市,宜春市丰城市剑南路51号,-,43
河洲产业园,江西省,宜春市,丰城市,宜春市丰城市河洲产业园(循环大道北320米),-,12
上高工业园黄金堆园区,江西省,宜春市,上高县,宜春市上高县长水路与黄金大道北交叉口西150米,471,40
香港环球万为产业园,江西省,宜春市,上高县,宜春市上高县食品大道1号二期四地块,165,-
上高弗兰德通讯产业园,江西省,宜春市,上高县,宜春市上高县食品大道1号三区,128,-
力源电池科技产业园,江西省,宜春市,上高县,江西省宜春市上高县锦阳街道力源电池科技产业园,127,1
魅动上高产业园,江西省,宜春市,上高县,江西省宜春市上高县锦阳街道魅动上高产业园,121,1
九港智慧物流园,江西省,宜春市,上高县,宜春市上高县锦江镇朱桥村棉花山1号,54,-
上高工业园区,江西省,宜春市,上高县,宜春市上高县上高大道23号东北方向140米,32,31
朋祥兴科技园,江西省,宜春市,上高县,宜春市上高县沙基路,28,-
上高县科技工业园区,江西省,宜春市,上高县,宜春市上高县沙基路南50米,18,2
赣西富硒禽蛋产业园,江西省,宜春市,上高县,320国道与560县道交叉口东240米,-,-
田心小微企业创业园,江西省,宜春市,上高县,宜春市上高县墨田段171号,-,4
江西锐天产业园,江西省,宜春市,上高县,宜春市上高县G320与正宇大道交叉口西南方向170米,-,16
江西省现代农业示范园区(上高核心区),江西省,宜春市,上高县,宜春市上高县320国道,-,1
上高县农业科技示范园,江西省,宜春市,上高县,宜春市上高县320国道北50米石湖村委会附近,-,60
江西奉新高新技术产业园区,江西省,宜春市,奉新县,长乐大道688号,6095,481
干垦工贸区,江西省,宜春市,奉新县,宜春市奉新县222省道东50米,182,74
江西中江纺织科技产业园区(纺织产业孵化园),江西省,宜春市,奉新县,宜春市奉新县兴业路与朝辉路交叉路口往东北约100米,176,2
天工开物文创园,江西省,宜春市,奉新县,宜春市奉新县高新技术工业园区宁波路200号,146,-
中金智谷电子科技产业园,江西省,宜春市,奉新县,宜春市奉新县天工大道,134,55
阳光乳业嘉牧现代农业产业园,江西省,宜春市,奉新县,江西省宜春市奉新县赤田镇,-,-
诚晟创新孵化园,江西省,宜春市,奉新县,宜春市奉新县应星南大道959号,-,2
奉新县初心园现代农业示范园,江西省,宜春市,奉新县,宜春市奉新县城下村大栗组,-,-
天工商贸城北区(建设中),江西省,宜春市,奉新县,宜春市奉新县S518与S518辅路交叉口西南方向110米,-,-
宜春市奉新水土保持生态科技园,江西省,宜春市,奉新县,宜春市奉新县赤岸镇536县道,-,-
香田工业园,江西省,宜春市,靖安县,501乡道与222省道和平路西南约180米,2618,123
乔家窑生态产业园,江西省,宜春市,靖安县,香田工业园旺业路2号,128,-
江西杰浩工具园,江西省,宜春市,靖安县,宜春市靖安县世纪大道8号,104,-
江西宝盛科技产业园,江西省,宜春市,靖安县,宜春市靖安县香田工业园新区,41,12
优而信电商产业园,江西省,宜春市,靖安县,靖安县工业园区优而信电商产业园,21,-
靖安工业园区,江西省,宜春市,靖安县,宜春市靖安县清华大桥东北500米,-,2
石埠生态产业园,江西省,宜春市,宜丰县,宜春市宜丰县桥西乡石埠村,-,-
江南农耕文化园,江西省,宜春市,宜丰县,宜春市宜丰县新昌东大道42号,-,42
宜丰县科技创新创业孵化园,江西省,宜春市,宜丰县,宜春市宜丰县工业园工业大道(工业园管理委员会对面),-,1
宜丰工业园区,江西省,宜春市,宜丰县,宜春市宜丰县宜丰县工业园区工业园区(工业园管委会对面),-,-
浙江工艺品产业园,江西省,宜春市,宜丰县,宜春市宜丰县欧尔玛路与223省道交叉口东100米,-,-
江西铜鼓工业园,江西省,宜春市,铜鼓县,宜春市铜鼓县227省道附近,53,29
江西供销(铜鼓)冷链物流园,江西省,宜春市,铜鼓县,城南东路东以北定江河以东南,-,-
铜鼓县创业示范基地,江西省,宜春市,铜鼓县,宜春市铜鼓县城南西路48号附近,-,8
铜鼓县电子商务创业园,江西省,宜春市,铜鼓县,宜春市铜鼓县永宁镇定江西路46号,-,34
铜鼓县电子商务产业孵化园,江西省,宜春市,铜鼓县,永宁镇定江西路46号,-,17
万载工业园,江西省,宜春市,万载县,宜春市万载县将军东大道18正西方向60米,6326,340
万载共享经济创意园,江西省,宜春市,万载县,宜春市万载县建成大道1289号,46,709
万载县电子商务产业园,江西省,宜春市,万载县,宜春市万载县建成大道888号,37,274
万载县瑞森医药产业园,江西省,宜春市,万载县,万载县工业园创业大道20号,34,50
江西抚州高新技术产业园区,江西省,抚州市,临川区,抚州市临川区迎宾大道200号江西抚州金巢经济开发区附近,9942,857
江西临川抚北工业园区,江西省,抚州市,临川区,抚州市临川区抚北镇,1532,178
比亚迪抚州新能源汽车产业园,江西省,抚州市,临川区,抚州市临川区金柅南大道,1208,-
抚州海西综合物流园,江西省,抚州市,临川区,江西省抚州市临川区展坪镇,1155,5
抚州数字小镇,江西省,抚州市,临川区,司马光大道与文昌大道交汇处西北角,517,14
临川高新科技产业园,江西省,抚州市,临川区,抚州市临川区科技园路666号,462,106
森鸿科技产业园,江西省,抚州市,临川区,抚州市临川区高新四路206号,380,11
抚州国际物流产业园(中汇景泰国际物流),江西省,抚州市,临川区,中汇景泰国际物流产业园1号仓,263,-
江西金品铜科产业园,江西省,抚州市,临川区,抚州市临川区文昌大道,263,11
辰桦·抚州智造谷,江西省,抚州市,临川区,文昌大道以西、高新七路以南、高新八路以北,255,7
众智科技园(创新示范区),江西省,抚州市,临川区,抚州市临川区金巢大道与火炬六路交叉路口东侧,250,30
抚州市德科产业园,江西省,抚州市,临川区,高新五路与科纵四路交叉口东北180米,235,-
抚州市高新区科技创新园(建设中),江西省,抚州市,临川区,金柅南大道以北,234,-
江西智创置业科技产业园(建设中),江西省,抚州市,临川区,金柅南大道与发展大道交叉口,205,-
才智科技园,江西省,抚州市,临川区,抚州市临川区科纵二路与高新四路交叉口东南约140米,171,14
江西供销(临川)冷链物流园,江西省,抚州市,临川区,王安石大道与东一环路交叉口西南440米,144,1
临川区众创基地(才都工业园众创基地),江西省,抚州市,临川区,抚州市临川区上顿渡镇才都工业园,110,1429
抚州高新技术产业园区中小企业创业园,江西省,抚州市,临川区,抚州市临川区金柅大道198号金巢经济开发区中小企业创业园附近,107,1243
抚州蓝海物流园,江西省,抚州市,临川区,抚州市临川区临川区高新开发区园纵六路,99,2
抚州互联网产业园,江西省,抚州市,临川区,抚州市临川区仙临路,60,319
恒强达绿色建筑产业基地,江西省,抚州市,临川区,抚州市临川区208省道西50米,44,-
资溪金凤凰智能制造科技园,江西省,抚州市,临川区,高新区大觉山路,40,10
海若文化产业园,江西省,抚州市,临川区,抚州市临川区钟岭街道园横二路299号,39,7
临川智汇科技产业园,江西省,抚州市,临川区,抚州市临川区才都工业区东一环路888号临川智汇科技产业园,32,-
抚州市创业(园)孵化基地,江西省,抚州市,临川区,金柅大道192号临近,-,1220
东临新区香岚湾生态园,江西省,抚州市,临川区,S208(东临公路),-,18
抚州高新技术产业开发区城西街道创业孵化园,江西省,抚州市,临川区,钟岭街道,-,1
江西省赣之源木材产业园,江西省,抚州市,临川区,316国道东北侧,-,-
抚州市创客空间科技孵化器,江西省,抚州市,临川区,抚州市临川区赣东大道1085号正北方向200米,-,107
临川新一代信息技术科创产业园,江西省,抚州市,临川区,江西省抚州市临川区上顿渡镇东一环路,-,-
抚州市东临新区智慧农业产业园,江西省,抚州市,临川区,抚州市临川区封溪村,-,-
鹏溪现代农业科技园(省级),江西省,抚州市,临川区,湖南乡鹏溪村,-,1
抚州市青年创业示范基地,江西省,抚州市,临川区,抚州市临川区临川大道919号,-,15
江西东乡(省级)经济开发区,江西省,抚州市,东乡区,抚州市东乡区东临工业大道,1392,56
东乡红星开发区,江西省,抚州市,东乡区,抚州市东乡区东红工业大道999号附近,1205,8
东乡经济开发区东山工业园,江西省,抚州市,东乡区,抚州市东乡区南英大道,892,45
中基恒光(抚州)产业园(建设中),江西省,抚州市,东乡区,抚州市东乡区236国道,538,-
荣成汽配科技园,江西省,抚州市,东乡区,抚州市东乡区邓家乡,428,-
东乡县小微企业创业园,江西省,抚州市,东乡区,抚州市东乡区应龙路,309,2
国科健康产业园,江西省,抚州市,东乡区,抚州市东乡区LNG加气站西南(东临工业大道西),295,16
书源健康产业园,江西省,抚州市,东乡区,抚州市东乡区温州路16号,151,-
东乡科技孵化园,江西省,抚州市,东乡区,抚州市东乡区南英大道西50米艾家村东150米,119,1
大富创业园,江西省,抚州市,东乡区,抚州市东乡区应龙路,114,2
大富工业区,江西省,抚州市,东乡区,抚州市东乡区大富大道与状元路交叉口北150米,109,7
江西佛像工艺品产业园,江西省,抚州市,东乡区,东红工业大道88号,46,4
上海永久诚安新能源产业园,江西省,抚州市,东乡区,子山路与南英大道交界处处向西200米,45,4
江西东乡经济开发区渊山岗工业园,江西省,抚州市,东乡区,抚州市东乡区经济开发区,26,4
城东国际物流园,江西省,抚州市,东乡区,抚州市东乡区江磷路与朝阳大道交叉口东北100米,19,56
抚州市东乡区电商创业园,江西省,抚州市,东乡区,抚州市东乡区磷肥厂城东大道城东物流园,10,5
岗上积返乡创业园,江西省,抚州市,东乡区,岗上积镇东临公路(返乡创业园),-,-
喜利工业园,江西省,抚州市,南丰县,抚州市南丰县环城东路,125,1
南丰县创业孵化基地,江西省,抚州市,南丰县,琴城镇南丰县创业孵化基地,28,-
高层次人才产业园,江西省,抚州市,南丰县,江西莱檬生物科技有限责任公司,-,-
南丰县电商创业孵化基地,江西省,抚州市,南丰县,琴城镇琴台河阳光城,-,6
南丰县电子商务创业园,江西省,抚州市,南丰县,琴城镇琴台河阳光城,-,6
江西省南丰电商创业园,江西省,抚州市,南丰县,抚州市南丰县琴城镇喜利工业园区,-,-
南丰县现代柑橘产业科技示范园,江西省,抚州市,南丰县,抚州市南丰县环城南路以北,-,1
南丰县电子商务产业园,江西省,抚州市,南丰县,江西省抚州市南丰县洽湾镇,-,-
南丰县文化创意产业园,江西省,抚州市,南丰县,抚州市南丰县南军段与206国道交叉口南150米,-,33
南丰黄金工业园区,江西省,抚州市,南丰县,抚州市南丰县黄井大道东50米,-,-
江西南丰工业园区,江西省,抚州市,南丰县,抚州市南丰县206国道西50米,-,3
南丰县富溪工业园,江西省,抚州市,南丰县,206国道与交通北路交叉口西80米,-,19
崇仁县高新技术产业园区(原工业园区C区),江西省,抚州市,崇仁县,抚州市崇仁县215省道南50米,265,18
变电小镇,江西省,抚州市,崇仁县,抚州市崇仁县伟业路,245,4
崇仁县创业孵化基地,江西省,抚州市,崇仁县,抚州市崇仁县215省道西50米,134,27
崇仁科创园,江西省,抚州市,崇仁县,抚州市崇仁县产业大道9号,74,4
江西崇仁高新技术产业园区,江西省,抚州市,崇仁县,抚州市崇仁县兴业路与215省道交叉口西50米,63,1
崇仁县高新科技园,江西省,抚州市,崇仁县,产业大道2号东南方向98米,56,10
崇仁中元电子信息产业园,江西省,抚州市,崇仁县,产业大道88号,40,4
崇仁科创中心,江西省,抚州市,崇仁县,抚州市崇仁县产业大道与伟业路交叉路口往东南约200米,-,171
崇仁县国品麻鸡产业园,江西省,抚州市,崇仁县,抚州市崇仁县崇仁县工业园区C区金塘附近,-,-
江西锦玉工业园,江西省,抚州市,崇仁县,抚州市崇仁县人民大道与215省道交叉口东100米,-,-
中国教育装备(校具)产业科创城,江西省,抚州市,南城县,抚州市南城县周家堡大桥校具产业园,326,25
雅洁莱医疗科技控股产业园,江西省,抚州市,南城县,河东工业园区西四路2号,231,-
江西元宇宙终端产业园,江西省,抚州市,南城县,东六路1号,121,12
南城县电子产业孵化园,江西省,抚州市,南城县,抚州市南城县东三路,84,-
新金港科技产业园,江西省,抚州市,南城县,抚州市南城县东六路,71,1
江西南城工业园区,江西省,抚州市,南城县,抚州市南城县206国道西100米,35,-
南城县建筑业孵化基地,江西省,抚州市,南城县,抚州市南城县临江路,-,8
京东众创授权南城产业基地,江西省,抚州市,南城县,抚州市南城县河东大道6号百望电商中心2层d202,-,120
拓玛仕空压机产业园,江西省,抚州市,南城县,东六路,-,-
金山口工业园区,江西省,抚州市,南城县,抚州市南城县沙塘东路与盱江北大道交叉路口往西北约150米,-,20
黎川家具产业园,江西省,抚州市,黎川县,平高七路,1543,117
东鑫电子商务园,江西省,抚州市,黎川县,抚州市黎川县S212与新城大道交叉口东南方向130米,80,23
江西仁发科技高新产业园,江西省,抚州市,黎川县,抚州市黎川县工业园工业大道,-,-
黎米产业园,江西省,抚州市,黎川县,抚州市黎川县荷源乡,-,-
新荣工业园区,江西省,抚州市,黎川县,抚州市黎川县国安路与园区北大道交叉路口往西南约220米,-,5
东南藤茶生物科技园,江西省,抚州市,黎川县,抚州市黎川县国安路与新平路交叉口南200米,-,6
江西黎川工业园区(新城大道),江西省,抚州市,黎川县,抚州市黎川县永城路467附近,-,4
黎川油画创意产业园,江西省,抚州市,黎川县,抚州市黎川县新丰路8西南方向110米,-,4
陶瓷工业园,江西省,抚州市,黎川县,抚州市黎川县瓷城一路,-,2
资溪面包科技园,江西省,抚州市,资溪县,资溪面包产业城创新大道,90,20
中国资溪面包产业城,江西省,抚州市,资溪县,抚州市资溪县S46(抚吉高速),-,-
中国资溪竹科技创新中心,江西省,抚州市,资溪县,安石段东北40米,-,-
资溪县退役军人面包产业园,江西省,抚州市,资溪县,江西省抚州市资溪县鹤城镇资溪县退役军人面包产业园资溪百越文化村,-,13
资溪中小企业创业园,江西省,抚州市,资溪县,抚州市资溪县316国道北50米,-,9
资溪县退役军人面包创业产业园,江西省,抚州市,资溪县,抚州市资溪县鹤城镇资溪面包食品产业城内,-,-
中国资溪面包文化园,江西省,抚州市,资溪县,抚州市资溪县泰伯大道,-,23
资溪石材工业园,江西省,抚州市,资溪县,竹产业协会东北侧120米,-,-
金溪县工业园区C区,江西省,抚州市,金溪县,抚州市金溪县檀湖路与206国道交叉口东南150米,982,171
江西金溪工业园区(金溪县工业园区A区),江西省,抚州市,金溪县,抚州市金溪县疏山北路22号西南方向60米,728,120
恒光综合科技园,江西省,抚州市,金溪县,琅琚镇恒光综合科技园,177,1
金溪生物科技产业园,江西省,抚州市,金溪县,金抚高速入口与纬三路交叉口东北440米,94,15
江西食品加工产业孵化园,江西省,抚州市,金溪县,云山路与檀湖路交叉口东500米,50,-
金溪楷炫圣科技园,江西省,抚州市,金溪县,抚州市金溪县周庄路5西北方向160米,9,1
金溪县中小企业创业孵化基地,江西省,抚州市,金溪县,抚州市金溪县疏山北路18号西南方向40米,-,10
康希产业园,江西省,抚州市,乐安县,丰洛线与横六路交叉口西北280米,172,16
乐安工业园区,江西省,抚州市,乐安县,抚州市乐安县鳌溪镇工业大道乐安中小企业创业园,13,29
乐安设施蔬菜配套产业园,江西省,抚州市,乐安县,厚发工业园红绿灯路口西北处,-,-
乐安中小企业创业园,江西省,抚州市,乐安县,抚州市乐安县迎宾南大道,-,6
厚德科技园,江西省,抚州市,乐安县,厚发工业园区,-,10
唯康电商园,江西省,抚州市,乐安县,抚州市乐安县前坪路五小斜对面,-,10
江西金塑新材料产业园(建设中),江西省,抚州市,宜黄县,工业一路杨树林三期,512,-
江西宜黄工业园区(宜黄县丰厚工业园区),江西省,抚州市,宜黄县,抚州市宜黄县213省道与丰厚大道交叉口,117,17
宜黄工业园区机械制造产业园,江西省,抚州市,宜黄县,抚州市宜黄县丰盛大道,-,-
兴华生态农业科技园,江西省,抚州市,宜黄县,抚州市宜黄县潭坊段附近,-,-
广昌工业园区,江西省,抚州市,广昌县,抚州市广昌县旴江镇206国道东50米,150,5
中广电子信息产业园,江西省,抚州市,广昌县,抚州市广昌县工业园区莲爽大道,67,3
互联网创业中心,江西省,抚州市,广昌县,旰江镇青音路29号,-,74
萍乡创投科技产业园,江西省,萍乡市,安源区,青山镇萍乡创投科技产业园,200,7
安源电子信息产业园D区人工智能产业园,江西省,萍乡市,安源区,吉林路与金光大道交叉口东南340米,145,2
安源工业园,江西省,萍乡市,安源区,萍乡市安源区金光大道1号,120,101
安源产业聚集园AB区,江西省,萍乡市,安源区,萍乡市安源区成功大道与吉林路交叉口北约80米,76,3
安源电子信息产业园C区,江西省,萍乡市,安源区,吉林路与成功大道交叉口西北280米,69,11
萍乡市博昌家具工业园,江西省,萍乡市,安源区,萍乡市安源区安源西大道61号,67,-
鑫淘科技产业园,江西省,萍乡市,安源区,新三板工业园,66,-
江西MCN流量经济基地,江西省,萍乡市,安源区,萍乡市安源区成功大道66号,28,-
萍乡安源产业园,江西省,萍乡市,安源区,萍乡市安源区成功大道,12,9
菲力康健康产业园,江西省,萍乡市,安源区,成功大道1号,-,-
金融商务区,江西省,萍乡市,安源区,萍乡市安源区安源北大道与兴贤东路交叉口,-,9
浮化创浮化创业园,江西省,萍乡市,安源区,萍乡市安源区洪山路居然之家洪山路店东侧约40米,-,21
伯乐智能装备产业园,江西省,萍乡市,安源区,萍乡市安源区１２８县道与３２０国道交叉口南约60米,-,-
中鼓·医疗科技产业园,江西省,萍乡市,安源区,萍乡市安源区兴业南路与０１５乡道交叉口东北约160米,-,-
萍乡市极创创业孵化基地,江西省,萍乡市,安源区,萍乡市安源区瑞金北路1号翡翠城1号楼6楼8楼,-,167
萍乡市创业孵化基地,江西省,萍乡市,安源区,萍乡市安源区洪山大道16号,-,21
萍乡市安源区高坑镇大学生创业园,江西省,萍乡市,安源区,萍乡市安源区320国道南50米,-,-
安源建商产业园,江西省,萍乡市,安源区,萍乡市安源区南环路368号附近,-,24
新三板工业园,江西省,萍乡市,安源区,萍乡市安源区经三路与320国道交叉口南100米,-,20
安源电子信息产业园,江西省,萍乡市,安源区,萍乡市安源区吉林路与金光大道交叉路口往西南约160米,-,20
东大街总部经济产业园,江西省,萍乡市,安源区,萍乡市安源区学院路与萍安中大道交叉口南100米,-,428
西人马先进智能医疗芯片产业园,江西省,萍乡市,安源区,萍乡市安源区安吉路,-,-
安源人力资源服务产业园,江西省,萍乡市,安源区,萍乡市安源区萍安南大道,-,3
富润通服务产业园,江西省,萍乡市,安源区,萍乡市安源区井冈山路与安源中大道交叉路口往西约100米,-,7
安源锦绣城国家文化产业示范基地,江西省,萍乡市,安源区,萍乡市安源区萍安南大道安源锦绣城,-,11
和兴生物清夫园,江西省,萍乡市,安源区,萍乡市安源区德铭路54号,-,19
安源经济转型产业基地,江西省,萍乡市,安源区,萍乡市安源区成功大道与重庆路交叉路口往西约180米,-,4
国家萍乡经济技术开发区,江西省,萍乡市,安源区,萍乡市安源区安源北大道与安源南大道交叉口南150米,-,17
萍乡市大学生创业园(洪山路),江西省,萍乡市,安源区,萍乡市安源区洪山大道16号,-,21
萍乡市大学生创业园(建设路),江西省,萍乡市,安源区,萍乡市安源区建设东路769号,-,3
萍乡市创业孵化园,江西省,萍乡市,安源区,萍乡市安源区华源路与萍安中大道交叉口西150米,-,1
萍乡电子商务创业园,江西省,萍乡市,安源区,萍乡市安源区金陵西路蓝天大厦二楼,-,88
上柳源非金属工业园,江西省,萍乡市,安源区,萍乡市安源区经三路与320国道交叉口西北150米,-,3
安源鑫税云通服务贸易产业园,江西省,萍乡市,安源区,萍乡市安源区萍水北路9号(北星小学对面),-,391
中国邮政萍乡跨境电商产业园,江西省,萍乡市,安源区,萍乡市安源区建设东路350号附近,-,10
上栗县金山开发区,江西省,萍乡市,上栗县,萍乡市上栗县G319(厦成线),338,30
赣湘合作电子信息产业园,江西省,萍乡市,上栗县,次干路与559乡道交叉口西260米,152,27
联洪仓储物流园,江西省,萍乡市,上栗县,萍乡市上栗县郑和路9号,139,7
萍乡经济开发区创新创业园(周江智能制造产业园),江西省,萍乡市,上栗县,萍乡市上栗县123县道西150米,132,9
丰达兴5G产业园,江西省,萍乡市,上栗县,金山镇赣湘合作电子信息产业园,117,-
赤山工业园,江西省,萍乡市,上栗县,G60(沪昆高速),97,18
爱贝斯特儿童产业园,江西省,萍乡市,上栗县,赤山工业园高科大道萍乡爱贝斯特实业有限公司,80,1
江西上栗工业园区,江西省,萍乡市,上栗县,萍乡市上栗县高科大道,54,-
上栗工业园服务中心,江西省,萍乡市,上栗县,彭高镇上栗工业园服务中心,15,-
江西省萍乡市高新技术工业园西区,江西省,萍乡市,上栗县,萍乡市上栗县金丰路与320国道交叉口东北50米,3,3
上栗县返乡农民工创业孵化基地,江西省,萍乡市,上栗县,上栗镇吴楚路鑫岛尚都F121号,-,-
江西焦点网红孵化基地,江西省,萍乡市,上栗县,萍乡市上栗县府前路(中共上栗县委党校),-,14
上栗创业孵化基地,江西省,萍乡市,上栗县,四海村,-,26
萍乡北工区,江西省,萍乡市,上栗县,萍乡市上栗县福田镇,-,-
萍乡市联锦成5G产业园(建设中),江西省,萍乡市,上栗县,次干路与559乡道交叉口西260米,-,-
江西萍实文化创意产业园,江西省,萍乡市,上栗县,萍乡市上栗县安源北大道,-,-
粉末冶金孵化园,江西省,萍乡市,上栗县,赤山工业园(丰泉管理处),-,2
硖石工业园,江西省,萍乡市,上栗县,萍乡市上栗县经济开发区,-,11
陶瓷工业园,江西省,萍乡市,湘东区,萍乡市湘东区长春村,283,7
湘东光电科技产业园,江西省,萍乡市,湘东区,下埠镇湘东光电科技产业园,119,13
智能制造产业园,江西省,萍乡市,湘东区,智能制造园A区8号楼,43,18
东桥电商创业园,江西省,萍乡市,湘东区,萍乡市湘东区东界路,-,-
赣湘开放合作试验区湘东园区,江西省,萍乡市,湘东区,萍乡市湘东区G320(沪瑞线),-,-
福斯特智能制造产业园,江西省,萍乡市,湘东区,下埠镇横溪村,-,6
智能制造产业园A区,江西省,萍乡市,湘东区,萍乡市湘东区栗油公路与荷花路交汇,-,18
湘东产业园,江西省,萍乡市,湘东区,萍乡市湘东区G320(沪瑞线),-,146
湘东电光工业园,江西省,萍乡市,湘东区,萍乡市湘东区陶瓷文化广场南(育英路西),-,-
一方集团萍乡乐桥园区,江西省,萍乡市,湘东区,萍乡市湘东区东桥镇南岸村,-,-
邦达物流园,江西省,萍乡市,湘东区,萍乡市湘东区东环路与320国道交叉口西200米,-,5
萍乡陶瓷产业基地,江西省,萍乡市,湘东区,萍乡市湘东区下埠镇长春村,-,-
莲花工业园区(赛狮路),江西省,萍乡市,莲花县,萍乡市莲花县莲花工业园区(赛狮路南),5998,839
白岭工业园,江西省,萍乡市,莲花县,萍乡市莲花县兴乡路,115,30
普凌科技智能产业园,江西省,萍乡市,莲花县,工业园,92,-
莲花教育园,江西省,萍乡市,莲花县,萍乡市莲花县桃源路天如公园对面,44,3
江西省数字经济产业园,江西省,萍乡市,莲花县,琴亭镇工业园C区,-,-
鸿宇物流园,江西省,萍乡市,莲花县,322国道东南侧,-,-
甘红初心茶产业园,江西省,萍乡市,莲花县,江西省萍乡市莲花县坊楼镇149县道,-,-
琴亭工业城,江西省,萍乡市,莲花县,萍乡市莲花县勤王路16西北方向70米,-,2
升坊工业园,江西省,萍乡市,莲花县,萍乡市莲花县升坊镇赛狮路,-,4
朗技集团(萍乡)工业园,江西省,萍乡市,芦溪县,萍乡市芦溪县同兴路东100米,100,-
芦溪县先进装备小微企业创业园,江西省,萍乡市,芦溪县,迎宾大道,88,1
四顺物流园,江西省,萍乡市,芦溪县,萍乡市芦溪县芦溪镇东阳村,34,8
芦溪县飞天互联网+众创产业园,江西省,萍乡市,芦溪县,萍乡市芦溪县芦溪镇古城村综合管理处,14,63
中国中铁轨道交通产业园,江西省,萍乡市,芦溪县,萍乡市芦溪县环城北路中材科技风电叶片有限公司对面,-,-
芦溪工业园区,江西省,萍乡市,芦溪县,萍乡市芦溪县S225与环城北路交叉口东南方向40米,-,1
芦溪县国家现代农业示范区,江西省,萍乡市,芦溪县,萍乡市芦溪县宣风镇竹垣村,-,-
芦溪县创业工业园,江西省,萍乡市,芦溪县,萍乡市芦溪县同兴路西50米,-,-
赛维LDK太阳能(新余)工业园,江西省,新余市,渝水区,新余市渝水区光明路与春龙大道交叉口东南50米,2364,88
新余市渝水区新兴工业产业园,江西省,新余市,渝水区,新余市渝水区下村工业基地大一路,2107,107
江西省国防科技工业园(仙女湖区),江西省,新余市,渝水区,观巢镇江西省国防科技工业园(仙女湖区),997,5
新余高新区科技孵化基地,江西省,新余市,渝水区,新余市渝水区新余市高新区光明路,549,71
铭基高科产业园,江西省,新余市,渝水区,新余市渝水区赛维大道1500号,445,36
信诚科技园(赛维大道),江西省,新余市,渝水区,新余市渝水区赛维大道509号,400,16
江西新余奉渝产业园,江西省,新余市,渝水区,新余市渝水区创业大道,333,36
嘉锐工业园,江西省,新余市,渝水区,新余市渝水区水西镇南源路89号,303,-
高新区科技创业孵化基地,江西省,新余市,渝水区,新余市渝水区光明路888号,282,100
国防科技工业园,江西省,新余市,渝水区,新余市渝水区水西镇高新区光明路1368号,260,12
中田现代农业工业园,江西省,新余市,渝水区,新余市渝水区水西镇赛维大道,239,6
青园城,江西省,新余市,渝水区,新余市渝水区钢城路东侧,178,74
金华工业园(赛维大道),江西省,新余市,渝水区,新余市渝水区赛维大道5号,175,5
新余市嘉盛工业园,江西省,新余市,渝水区,新余市渝水区南源路99号,170,3
新余创业工业园,江西省,新余市,渝水区,新余市渝水区水西镇赛维大道9号,133,129
鼎鸿泰产业园,江西省,新余市,渝水区,新余市渝水区渝水区高新开发区赛维大道1501号,129,6
沃格光电W3园区,江西省,新余市,渝水区,新余市渝水区水西镇,126,-
新余市图美科技园,江西省,新余市,渝水区,新余市渝水区新兴工业产业园区大一路29号,107,19
江西绿源工业园,江西省,新余市,渝水区,新余市渝水区渝东大道2129号附近,103,12
新余高新区工业地产3期,江西省,新余市,渝水区,新余市渝水区东兴路,102,35
长红工业园,江西省,新余市,渝水区,新余市渝水区景源路260号,101,20
医疗器械产业园,江西省,新余市,渝水区,水西镇新钢医用卫生材料有限公司,76,-
奥曼特光伏园,江西省,新余市,渝水区,新余市渝水区高新技术产业园区飞宇大道,74,3
江西中欧医药健康产业园,江西省,新余市,渝水区,霞江大道与世纪大道交叉口西460米,71,23
清华产业园,江西省,新余市,渝水区,新余市渝水区创新路,61,1
中川产业园,江西省,新余市,渝水区,新余市渝水区龙腾路东100米,57,4
晶丰工业园,江西省,新余市,渝水区,光明路北侧,55,4
东风工业园,江西省,新余市,渝水区,新余市渝水区渝东大道488附近,47,1
板桥工业区,江西省,新余市,渝水区,新余市渝水区223省道西50米,43,39
新余市数字产业园(建设中),江西省,新余市,渝水区,纵三路与自然大道交叉口东南60米,35,-
新余国家高新技术产业开发区,江西省,新余市,渝水区,新余市渝水区光伏路,35,-
九四三工业园,江西省,新余市,渝水区,新余市渝水区龙腾路9号,33,8
大盛科技园,江西省,新余市,渝水区,新余市渝水区东兴路1888号,30,13
新达工业园,江西省,新余市,渝水区,新余市渝水区南源路1228号,29,8
新余市民营科技园,江西省,新余市,渝水区,新余市渝水区高新科技开发区渝东大道2318号,23,42
日辉实业园,江西省,新余市,渝水区,新余市渝水区新余市开发区渝东大道,23,19
企业孵化基地,江西省,新余市,渝水区,新余市渝水区青年路与富青路交叉路口南侧(创业家园东侧),-,55
新余市高层次人才产业园,江西省,新余市,渝水区,新余市渝水区光伏路与华源路交叉口东约60米,-,6
大学生创新创业孵化基地,江西省,新余市,渝水区,创新路与守敬路交叉口东40米,-,1
圆梦残疾人创业孵化中心,江西省,新余市,渝水区,新余市渝水区五一南路170号,-,24
京智直播孵化基地,江西省,新余市,渝水区,新余市渝水区劳动北路与仰天岗东大道交叉路口往西南约50米,-,180
江西腾飞电商创业孵化基地,江西省,新余市,渝水区,新余市渝水区劳动南路与亚新北路交叉口东南约40米,-,36
支点创业孵化基地,江西省,新余市,渝水区,毓秀东大道与沿江路交叉口西180米,-,-
孵化基地,江西省,新余市,渝水区,江西省新余市渝水区水西镇,-,-
新余市渝水区电子商务创业创新孵化基地,江西省,新余市,渝水区,新余市渝水区劳动北路1120号,-,7
新余市妇女就业创业基地,江西省,新余市,渝水区,新余市渝水区堎上路与盘龙路交叉口西50米,-,89
新余市创业孵化基地,江西省,新余市,渝水区,新余市渝水区劳动南路与亚新北路交叉口东南约40米,-,34
渝水区新兴工业产业园,江西省,新余市,渝水区,新余市渝水区创业大道与石镇线交叉路口西北侧,-,13
新余市现代粮食产业园,江西省,新余市,渝水区,295县道与291县道交叉口西南460米,-,-
京东(新余)数字经济产业园,江西省,新余市,渝水区,新余市渝水区仙来东大道479号2号楼,-,181
万商红新履小镇,江西省,新余市,渝水区,新余市渝水区仙女湖大道1888号,-,155
仙女湖科技园,江西省,新余市,渝水区,新余市渝水区003乡道西200米,-,-
仙女湖抱石文化创意园,江西省,新余市,渝水区,新余市渝水区仙女湖区环湖北路698号,-,1
袁河工业基地,江西省,新余市,渝水区,新余市渝水区袁河街道天工南大道,-,-
新余经济开发区钢铁深加工园,江西省,新余市,渝水区,新余市渝水区仙女湖大道与钢城路交叉口北150米,-,26
仙女湖中心物流园区,江西省,新余市,渝水区,新余市渝水区园区北路1号,-,36
城北五金工业区,江西省,新余市,渝水区,新余市渝水区长宁路,-,8
新余国家农业科技园区,江西省,新余市,渝水区,新余市渝水区创业大道西50米,-,-
分宜第三孵化园,江西省,新余市,分宜县,新余市分宜县东旭大道分宜创新创业大厦北侧约210米,169,21
城西工业区,江西省,新余市,分宜县,新余市分宜县丹桂路与香樟路交叉口西南200米,36,4
分宜工业园区,江西省,新余市,分宜县,新余市分宜县丹桂路与西环大道交汇口西南侧,29,79
分宜云中云O2O双创孵化中心,江西省,新余市,分宜县,新余市分宜县钤阳西路与政法路交叉口西约40米,-,34
分宜县粮食物流产业园,江西省,新余市,分宜县,宜县工业园西区,-,-
上海华德分宜生产基地,江西省,新余市,分宜县,新余市分宜县安仁路356号附近,-,8
贵溪经济开发区,江西省,鹰潭市,贵溪市,鹰雄大道与美的路交汇处东北角,5728,791
鹰潭国际综合港经济区,江西省,鹰潭市,贵溪市,机械制造路,4431,28
贵溪铜产业循环经济基地,江西省,鹰潭市,贵溪市,铜产业循环经济基地,4164,68
贵溪市多肉植物产业园,江西省,鹰潭市,贵溪市,贵塘公路与521乡道交叉口北380米,319,1
江西新越产业园,江西省,鹰潭市,贵溪市,鹰潭市贵溪市铜产业循环经济基地东西向主干路与九号路交汇处,302,2
贵溪市白鹤湖食品产业园,江西省,鹰潭市,贵溪市,鹰潭市贵溪市白鹤湖大道东,217,-
江西拓航物流园,江西省,鹰潭市,贵溪市,鹰潭市贵溪市贵溪大道,149,5
渥泰科技园,江西省,鹰潭市,贵溪市,鹰潭市贵溪市南环路南,88,3
汇荣产业园,江西省,鹰潭市,贵溪市,鹰潭市贵溪市兴园路与创新路交叉口东约180米,68,20
贵溪市数字产业园,江西省,鹰潭市,贵溪市,河潭镇贵溪市数字产业园,67,5
毅鹏智能科技园,江西省,鹰潭市,贵溪市,灯谷大道与兴园路交叉口西北160米,67,47
贵溪市科技创新中心,江西省,鹰潭市,贵溪市,贵溪市工业园区贵溪经济开发区发展路320国道旁,63,15
中臻科技园,江西省,鹰潭市,贵溪市,鹰潭市贵溪市工业大道与南环路交叉口西300米,62,6
晶赢文化产业园,江西省,鹰潭市,贵溪市,灯谷大道与南环路交叉口西300米,52,-
江西贵溪市硫磷化工园,江西省,鹰潭市,贵溪市,泗沥镇江西贵溪市硫磷化工园,30,1
贵溪市电子商务生态产业园,江西省,鹰潭市,贵溪市,鹰潭市贵溪市雄鹰大道1号,27,14
美纳途箱包有限公司电子商务产业园,江西省,鹰潭市,贵溪市,鹰潭市贵溪市贵溪工业园区(科学路西),23,1
江西供销(贵溪)冷链物流园(建设中),江西省,鹰潭市,贵溪市,河潭镇贵溪大道,-,-
贵溪市农业生态科技园,江西省,鹰潭市,贵溪市,江西省鹰潭市贵溪市志光镇白鹤湖大道,-,29
龙虎山创意园,江西省,鹰潭市,贵溪市,鹰潭市贵溪市天师路21号,-,-
恋之舞文化产业园,江西省,鹰潭市,贵溪市,柏里大道附近,-,20
贵溪市高端线缆线束科技生态产业园,江西省,鹰潭市,贵溪市,鹰潭市贵溪市贵溪市经开区灯谷大道经济带,-,6
江西晶赢文化产业园,江西省,鹰潭市,贵溪市,鹰潭市贵溪市鹰雄大道与发展路交叉路口往东约50米,-,-
贵溪市电子商务创业园,江西省,鹰潭市,贵溪市,鹰潭市贵溪市贵溪大道西50米,-,35
前行58科创鹰潭5G+数字经济产业园(智联小镇),江西省,鹰潭市,月湖区,白露街道,411,41
林安智慧商贸城,江西省,鹰潭市,月湖区,江西省鹰潭市月湖区四青街道林安智慧商贸城,262,139
南昌工控腾云港一期,江西省,鹰潭市,月湖区,鹰潭市月湖区智联小镇创智街,195,-
鹰潭市现代物流园,江西省,鹰潭市,月湖区,三川大道与福气路交叉路口东南侧,132,31
无人机产业园,江西省,鹰潭市,月湖区,云芯路与创联路交叉口西南460米,132,-
林安智慧商贸物流园,江西省,鹰潭市,月湖区,鹰潭市月湖区G320国道与十五经路交汇处,124,7
金花创业园,江西省,鹰潭市,月湖区,鹰潭市月湖区３２０国道与江南路交叉口东约180米,121,162
红背带木结构生态旅游文化创意产业园,江西省,鹰潭市,月湖区,鹰潭市月湖区三川大道6正西方向140米,114,-
鹰潭高新区智能科技产业园,江西省,鹰潭市,月湖区,江西省鹰潭市月湖区白露街道,94,-
欧菲光鹰潭园区(鹰潭高新区智能科技产业园),江西省,鹰潭市,月湖区,鹰潭市月湖区月湖区高新区智能产业园内,86,3
月湖新城智慧众创园,江西省,鹰潭市,月湖区,童家镇月湖新城智慧众创园,71,9
金帝集团(江西)工业园,江西省,鹰潭市,月湖区,鹰潭市月湖区万宝至路121号附近,68,1
白露工业园,江西省,鹰潭市,月湖区,鹰潭市月湖区金田路3号,31,1
鹰潭颐高互联网创业园(中国鹰潭移动物联网产业园),江西省,鹰潭市,月湖区,鹰潭市月湖区炬能路3号,30,237
鹰潭市智慧金融科技产业园,江西省,鹰潭市,月湖区,鹰潭市月湖区夏埠乡府前路3号,27,378
鹰覃市创新创业基地,江西省,鹰潭市,月湖区,鹰潭市月湖区信江北大道,-,-
鹰潭电商创新孵化基地,江西省,鹰潭市,月湖区,鹰潭市月湖区胜利东路6号,-,20
移动物联网产业创新创业孵化基地,江西省,鹰潭市,月湖区,金桥路,-,-
鹰潭新经济产业园,江西省,鹰潭市,月湖区,鹰潭市月湖区信江北大道与幸福路交叉路口北侧,-,231
下桂物流园,江西省,鹰潭市,月湖区,鹰潭市月湖区南站路70号附近,-,3
鹰潭国家高新技术产业开发区,江西省,鹰潭市,月湖区,鹰潭市月湖区威汕线与鹰南大道交叉路口往西约70米,-,17
鹰潭市高新技术产业开发区龙岗产业园(余江区龙岗工业园区),江西省,鹰潭市,余江区,龙岗工业园区,5739,412
中童眼镜工业园区,江西省,鹰潭市,余江区,亨通大道18号,1423,137
江西余江工业园区,江西省,鹰潭市,余江区,四海路与聚贤路交叉口西180米,1095,149
华宝香精鹰潭科技产业园,江西省,鹰潭市,余江区,鹰潭市余江区鹰南大道,162,-
粤港眼镜工业园,江西省,鹰潭市,余江区,鹰潭市余江区威汕线与浩铭大道交叉路口往东南约130米,131,80
瑞摩特工业园,江西省,鹰潭市,余江区,鹰潭市余江区余江工业园区,78,6
跃华企业园,江西省,鹰潭市,余江区,鹰潭市余江区白塔西路88号,16,-
鹰潭(余江)眼镜产业园,江西省,鹰潭市,余江区,鹰潭市余江区206国道,15,37
鹰潭焙烤电商孵化基地,江西省,鹰潭市,余江区,中童镇206国道鹰潭大唐农博园内,-,6
余江智慧产业孵化园,江西省,鹰潭市,余江区,鹰潭市余江区工业大道与国道路交叉口东南约20米,-,28
江西省省级电商创业孵化基地,江西省,鹰潭市,余江区,鹰潭市余江区G320(沪瑞线),-,76
虎山孵化基地,江西省,鹰潭市,余江区,964县道东40米,-,-
鹰潭国际商贸园,江西省,鹰潭市,余江区,206国道附近,-,19
同心谷·鹰商之家,江西省,鹰潭市,余江区,中童镇鹰西大道,-,71
骏汇工业园,江西省,鹰潭市,余江区,江西省鹰潭市余江区中童镇,-,-
国际物流城,江西省,鹰潭市,余江区,鹰潭市余江区G320竹子陈家西北200米,-,133
锦江工业区,江西省,鹰潭市,余江区,鹰潭市余江区锦江镇东北街锦江派出所附近,-,-
余江区电商孵化园,江西省,鹰潭市,余江区,鹰潭市余江区邓埠镇世纪阳光大道余江站西北200米,-,-
数字创意产业园,江西省,鹰潭市,余江区,鹰潭市余江区鹰西大道鹰潭国际眼镜城3号楼,-,76
浮梁产业园区二园,江西省,景德镇市,浮梁县,经三路与纬三路交叉口北60米,1167,2
陶科园名坊园(景德镇名坊园),江西省,景德镇市,浮梁县,景德镇市浮梁县景德镇市浮梁工业园区,388,123
景德镇陶瓷工业园区,江西省,景德镇市,浮梁县,景德镇市浮梁县唐英大道附近,328,286
海纳川景德镇产业园(海纳川景德镇汽车部件有限公司),江西省,景德镇市,浮梁县,景德镇市浮梁县洪源镇北汽工业园海纳川景德镇园区,205,-
江西以晴数字经济产业园,江西省,景德镇市,浮梁县,三大公路(县车管所斜对面),76,1
仁义工业园,江西省,景德镇市,浮梁县,景德镇市浮梁县杭瑞高速,23,4
浮梁建筑科技产业园(建设中),江西省,景德镇市,浮梁县,仙芝街19号,-,-
金三角物流园,江西省,景德镇市,浮梁县,景德镇市浮梁县纬二路北段龙御·华庭西南侧约80米,-,16
缘源陶瓷文化创意园,江西省,景德镇市,浮梁县,景德镇市浮梁县外环南路,-,-
万寿山垦殖场工业园区,江西省,景德镇市,浮梁县,景德镇市浮梁县万寿山木制厂附近,-,4
景德镇市伊人如瓷孵化基地有限公司,江西省,景德镇市,浮梁县,景德镇市浮梁县唐英大道56号,-,24
万寿山招商引资工业开发区,江西省,景德镇市,浮梁县,景德镇市浮梁县万寿山木制厂附近,-,-
三龙工业区,江西省,景德镇市,浮梁县,景德镇市浮梁县206国道东50米,-,-
江西省端明科技工业园,江西省,景德镇市,浮梁县,景德镇市浮梁县白居易路与高岭北路交叉口东北150米,-,-
江西省瑞明科技工业园,江西省,景德镇市,浮梁县,景德镇市浮梁县308省道附近,-,-
景德镇国家高新技术产业开发区,江西省,景德镇市,昌江区,竹林大道与致远路交叉口北20米,4834,515
中国陶瓷城,江西省,景德镇市,昌江区,西郊街道迎宾大道38号,224,808
昌南慧谷,江西省,景德镇市,昌江区,木门吕蒙乡航空科技园10栋109号景航便利店,193,6
鱼丽工业园,江西省,景德镇市,昌江区,景德镇市昌江区高新区梧桐大道206国道,179,47
中国瓷园,江西省,景德镇市,昌江区,迎宾大道368号,168,408
顺吉物流园,江西省,景德镇市,昌江区,景德镇市昌江区瓷都官庄村,168,242
新都民营陶瓷园,江西省,景德镇市,昌江区,景德镇市昌江区吕蒙乡新都一区,139,54
景德镇高新区,江西省,景德镇市,昌江区,景德镇市昌江区梧桐大道,62,392
陶青台文创园(建设中),江西省,景德镇市,昌江区,景德镇市昌江区景德镇南高速口与206国道交汇处,54,1
合盛科技企业孵化器,江西省,景德镇市,昌江区,景德镇市昌江区梧桐大道11号,36,31
景德镇航空科技园,江西省,景德镇市,昌江区,滨江西路6号,9,18
昌南慧谷航空产业孵化中心,江西省,景德镇市,昌江区,威富尔路不远处,-,54
鸿业创新产业园,江西省,景德镇市,昌江区,景德镇市昌江区兴园路,-,38
景德镇学院大学生创新创业孵化基地,江西省,景德镇市,昌江区,景德镇市昌江区天津路与香江路交叉口西北方向190米,-,1
校油泵电喷维修(工业园区),江西省,景德镇市,昌江区,景德镇市昌江区丽阳镇206国道鱼丽工业园区,-,53
陶溪川文创街区,江西省,景德镇市,珠山区,景德镇市珠山区新厂西路150号,102,74
1949建国陶瓷文化创意园,江西省,景德镇市,珠山区,景德镇市珠山区胜利路23号,23,-
中天科技园,江西省,景德镇市,珠山区,景德镇市珠山区竟成镇岚山路青年公寓西北350米,20,4
景德镇市陶瓷小微企业创业园,江西省,景德镇市,珠山区,景德镇市珠山区景德镇市陶瓷,10,-
陶瓷跨境电商产业园,江西省,景德镇市,珠山区,站前四路,-,19
奋进科技园,江西省,景德镇市,珠山区,竟成镇黄泥头村程家一组,-,18
三宝国际文创中心,江西省,景德镇市,珠山区,景德镇市珠山区三宝路,-,-
景德镇市曙光陶瓷小微企业创业创新基地,江西省,景德镇市,珠山区,景德镇市珠山区太白园路与银曙路交叉口东200米,-,55
景德镇市大学生陶瓷小微企业创业园,江西省,景德镇市,珠山区,景德镇市珠山区珠山大道,-,2
景德镇市跨境电商创业园,江西省,景德镇市,珠山区,景德镇市珠山区通站路112-附1号附近,-,9
昌河教育园区,江西省,景德镇市,珠山区,景德镇市珠山区朝阳路933号,-,-
昌河汽车零部件工业园,江西省,景德镇市,珠山区,景德镇市珠山区新厂东路206东南方向120米,-,-
竟成陶瓷机械工业园,江西省,景德镇市,珠山区,景德镇市珠山区新厂西路25号(农业银行楼上),-,15
珠山区景华工业园,江西省,景德镇市,珠山区,景德镇市珠山区何家桥路与朝阳路交叉口西北200米,-,2
江西乐平工业园区,江西省,景德镇市,乐平市,塔山二路与工业八路交叉口东南200米,2816,41
乐平市金山工业区,江西省,景德镇市,乐平市,金四路与金一路交叉口北440米,1958,309
童家山工业园,江西省,景德镇市,乐平市,景德镇市乐平市大连路西50米,306,88
宏柏科技园,江西省,景德镇市,乐平市,工业九路与塔山四路交叉口西南500米,284,1
塔山工业园,江西省,景德镇市,乐平市,景德镇市乐平市塔山四路与206国道交叉口东100米,136,-
万景众创城,江西省,景德镇市,乐平市,景德镇市乐平市金山工业区,91,17
世龙科技园,江西省,景德镇市,乐平市,景德镇市乐平市江西乐平工业园区,48,-
思红蜂业园,江西省,景德镇市,乐平市,工业园童家山工业区a-01,17,-
乐平市农业高新科技园区,江西省,景德镇市,乐平市,景德镇市乐平市109县道西50米,14,7
乐平市忠创园,江西省,景德镇市,乐平市,景德镇市乐平市大连路东50米,-,4
景德镇陶瓷产业乐平基地,江西省,景德镇市,乐平市,景德镇市乐平市农业高新园,-,-
